Peptide Sequence,Modified Peptide,Light Modified Peptide,Heavy Modified Peptide,exp_1 Log2 Ratio HL,exp_2 Log2 Ratio HL,exp_3 Log2 Ratio HL,exp_4 Log2 Ratio HL,exp_5 Log2 Ratio HL,Protein,Protein ID,Entry Name,Gene,Protein Description,Average H/L,P-value,Site
SMEASVDVSAPK,SMEASVDVSAPK,SM[649.3660]EASVDVSAPK,SM[655.3735]EASVDVSAPK,,-4.314367782,-4.309369471,,,sp|Q8IVF2|AHNK2_HUMAN,Q8IVF2,AHNK2_HUMAN,AHNAK2,Protein AHNAK2,-4.311868627,0.0003689842733,
VSMPDVELNLKSPK,VSMPDVELNLKSPK,VSM[649.3660]PDVELNLKSPK,VSM[655.3735]PDVELNLKSPK,,-3.310445997,-2.678198077,-2.6959572,-2.488542059,sp|Q09666|AHNK_HUMAN,Q09666,AHNK_HUMAN,AHNAK,Neuroblast differentiation-associated protein AHNAK,-2.793285833,0.0005686721361,AHNAK_M3417
LINANMMVLGHEPR,LINANMMVLGHEPR,LINANM[649.3660]MVLGHEPR,LINANM[655.3735]MVLGHEPR,-2.660740957,-3.097203626,-2.506075427,-2.527522591,,sp|O00487|PSDE_HUMAN,O00487,PSDE_HUMAN,PSMD14,26S proteasome non-ATPase regulatory subunit 14,-2.69788565,0.0002888135721,PSMD14_M167
MGLVMDR,MGLVMDR,M[649.3660]GLVMDR,M[655.3735]GLVMDR,-2.415404672,-2.48478936,-2.460021704,-2.303695904,-2.461815805,sp|P52272|HNRPM_HUMAN,P52272,HNRPM_HUMAN,HNRNPM,Heterogeneous nuclear ribonucleoprotein M,-2.425145489,0.0000001903466158,HNRNPM_M437
VMLALPSVR,VMLALPSVR,VM[649.3660]LALPSVR,VM[655.3735]LALPSVR,0.5086167778,,0.545373884,0.3733429755,0.1401142333,sp|Q15435|PP1R7_HUMAN,Q15435,PP1R7_HUMAN,PPP1R7,Protein phosphatase 1 regulatory subunit 7,0.3918619676,0.0235301725,PPP1R7_M344
RQQEEMMRR,RQQEEMMRR,RQQEEMM[649.3660]RR,RQQEEMM[655.3735]RR,,,1.089559424,,1.211582222,sp|Q15233|NONO_HUMAN,Q15233,NONO_HUMAN,NONO,Non-POU domain-containing octamer-binding protein,1.150570823,0.03372649301,NONO_M363
DHPQQQPGMLSR,DHPQQQPGMLSR,DHPQQQPGM[649.3660]LSR,DHPQQQPGM[655.3735]LSR,2.05998142,,1.444679768,1.992699643,2.121844285,sp|Q8WUH6|TM263_HUMAN,Q8WUH6,TM263_HUMAN,TMEM263,Transmembrane protein 263,1.904801279,0.001174393644,TMEM263_M34
NSLYDMAR,NSLYDMAR,NSLYDM[649.3660]AR,NSLYDM[655.3735]AR,2.380717743,2.330050287,,,,sp|Q9BQ04|RBM4B_HUMAN,Q9BQ04,RBM4B_HUMAN,RBM4B,RNA-binding protein 4B,2.355384015,0.006847006798,RBM4B_M342
NKHEAMITDLEER,NKHEAMITDLEER,NKHEAM[649.3660]ITDLEER,NKHEAM[655.3735]ITDLEER,,2.727223218,,,2.381162561,sp|P35579|MYH9_HUMAN,P35579,MYH9_HUMAN,MYH9,Myosin-9,2.554192889,0.04306115019,MYH9_M1028
VHMWEQTVK,VHMWEQTVK,VHM[649.3660]WEQTVK,VHM[655.3735]WEQTVK,3.498862959,,4.184100795,2.833560313,1.600223612,sp|Q14683|SMC1A_HUMAN,Q14683,SMC1A_HUMAN,SMC1A,Structural maintenance of chromosomes protein 1A,3.02918692,0.01180505743,SMC1A_M837
LVASMEEAR,LVASMEEAR,LVASM[649.3660]EEAR,LVASM[655.3735]EEAR,,3.075799834,2.351734695,4.269428204,,sp|Q15149|PLEC_HUMAN,Q15149,PLEC_HUMAN,PLEC,Plectin,3.232320911,0.02863959278,PLEC_M2689
SQMLAMNIEK,SQMLAMNIEK,SQM[649.3660]LAMNIEK,SQM[655.3735]LAMNIEK,2.578362901,2.680918761,4.467774064,,,sp|P60228|EIF3E_HUMAN,P60228,EIF3E_HUMAN,EIF3E,Eukaryotic translation initiation factor 3 subunit E,3.242351909,0.0339796174,EIF3E_M417
LEAMLQAAAEGK,LEAMLQAAAEGK,LEAM[649.3660]LQAAAEGK,LEAM[655.3735]LQAAAEGK,,3.904856832,2.472289733,,3.592615003,sp|Q9H694|BICC1_HUMAN,Q9H694,BICC1_HUMAN,BICC1,Protein bicaudal C homolog 1,3.323253856,0.01669994234,BICC1_M61
MGAGMGFGLER,MGAGMGFGLER,MGAGM[649.3660]GFGLER,MGAGM[655.3735]GFGLER,,,,3.511572431,3.197013417,sp|P52272|HNRPM_HUMAN,P52272,HNRPM_HUMAN,HNRNPM,Heterogeneous nuclear ribonucleoprotein M,3.354292924,0.02982862965,HNRNPM_M490
RLMADELER,RLMADELER,RLM[649.3660]ADELER,RLM[655.3735]ADELER,3.270621842,3.007228693,4.244715432,,,sp|O60610|DIAP1_HUMAN,O60610,DIAP1_HUMAN,DIAPH1,Protein diaphanous homolog 1,3.507521989,0.0113182119,DIAPH1_M45
GFLVMGSK,GFLVMGSK,GFLVM[649.3660]GSK,GFLVM[655.3735]GSK,3.76674251,,,3.446928301,,sp|Q9H4G0|E41L1_HUMAN,Q9H4G0,E41L1_HUMAN,EPB41L1,Band 4.1-like protein 1,3.606835406,0.02820572438,EPB41L1_M389
RTLKIPAMTIAK,RTLKIPAMTIAK,RTLKIPAM[649.3660]TIAK,RTLKIPAM[655.3735]TIAK,4.020278378,,3.50969045,,,sp|P10809|CH60_HUMAN,P10809,CH60_HUMAN,HSPD1,"60 kDa heat shock protein, mitochondrial",3.764984414,0.04310158126,HSPD1_M477
TLAMDTILANAR,TLAMDTILANAR,TLAM[649.3660]DTILANAR,TLAM[655.3735]DTILANAR,3.744253973,,3.871560964,,,sp|P46926|GNPI1_HUMAN,P46926,GNPI1_HUMAN,GNPDA1,Glucosamine-6-phosphate isomerase 1,3.807907469,0.01064083101,GNPDA1_M164
RDLTQMADELRR,RDLTQMADELRR,RDLTQM[649.3660]ADELRR,RDLTQM[655.3735]ADELRR,4.065696175,,4.026231134,,,sp|P41227|NAA10_HUMAN,P41227,NAA10_HUMAN,NAA10,N-alpha-acetyltransferase 10,4.045963654,0.003104825948,NAA10_M154
HNPVFGVMS,HNPVFGVMS,HNPVFGVM[649.3660]S,HNPVFGVM[655.3735]S,4.203244633,,4.046393985,,,sp|P61158|ARP3_HUMAN,P61158,ARP3_HUMAN,ACTR3,Actin-related protein 3,4.124819309,0.0121026143,ACTR3_M417
LRDTEEMLSK,LRDTEEMLSK,LRDTEEM[649.3660]LSK,LRDTEEM[655.3735]LSK,4.517076426,4.061231254,3.848476047,,,sp|Q9H444|CHM4B_HUMAN,Q9H444,CHM4B_HUMAN,CHMP4B,Charged multivesicular body protein 4b,4.142261242,0.002259073498,CHMP4B_M35
FKMPEMNIK,FKMPEMNIK,FKMPEM[649.3660]NIK,FKMPEM[655.3735]NIK,,4.471592738,3.982242039,,,sp|Q09666|AHNK_HUMAN,Q09666,AHNK_HUMAN,AHNAK,Neuroblast differentiation-associated protein AHNAK,4.226917388,0.03680969529,
DIQNMNFLLK,DIQNMNFLLK,DIQNM[649.3660]NFLLK,DIQNM[655.3735]NFLLK,4.237265696,4.327197639,4.332500727,4.643054776,4.092949849,sp|Q86UP2|KTN1_HUMAN,Q86UP2,KTN1_HUMAN,KTN1,Kinectin,4.326593737,0.000001130578892,KTN1_M643
TLNMTTSPEEK,TLNMTTSPEEK,TLNM[649.3660]TTSPEEK,TLNM[655.3735]TTSPEEK,,4.326811009,4.402971182,4.66173233,,sp|P49915|GUAA_HUMAN,P49915,GUAA_HUMAN,GMPS,GMP synthase [glutamine-hydrolyzing],4.463838174,0.0005152075764,GMPS_M329
SAEFLLHMLK,SAEFLLHMLK,SAEFLLHM[649.3660]LK,SAEFLLHM[655.3735]LK,,,4.792997561,,4.179188376,sp|P18621|RL17_HUMAN,P18621,RL17_HUMAN,RPL17,Large ribosomal subunit protein uL22,4.486092969,0.04348495986,RPL17_M94
IHPMAYQLQLQAASNFK,IHPMAYQLQLQAASNFK,IHPM[649.3660]AYQLQLQAASNFK,IHPM[655.3735]AYQLQLQAASNFK,4.896223925,5.825113969,4.648694292,,4.58188934,sp|P67870|CSK2B_HUMAN,P67870,CSK2B_HUMAN,CSNK2B,Casein kinase II subunit beta,4.987980381,0.0004156415115,CSNK2B_M195
LMVHTVATFNSIK,LMVHTVATFNSIK,LM[649.3660]VHTVATFNSIK,LM[655.3735]VHTVATFNSIK,,,5.042147299,4.979339798,,sp|Q13813|SPTN1_HUMAN,Q13813,SPTN1_HUMAN,SPTAN1,"Spectrin alpha chain, non-erythrocytic 1",5.010743548,0.003989824352,SPTAN1_M1198
EYRQMVETELK,EYRQMVETELK,EYRQM[649.3660]VETELK,EYRQM[655.3735]VETELK,4.934451168,,,5.316878802,,sp|P62258|1433E_HUMAN,P62258,1433E_HUMAN,YWHAE,14-3-3 protein epsilon,5.125664985,0.0237382026,YWHAE_M88
MGPAIER,MGPAIER,M[649.3660]GPAIER,M[655.3735]GPAIER,5.093682552,,,,5.238840575,sp|P52272|HNRPM_HUMAN,P52272,HNRPM_HUMAN,HNRNPM,Heterogeneous nuclear ribonucleoprotein M,5.166261564,0.008943061449,HNRNPM_M518
ADMQNLVER,n[42.0106]ADMQNLVER,n[42.0106]ADM[649.3660]QNLVER,n[42.0106]ADM[655.3735]QNLVER,,,6.328780918,4.687169762,4.748217525,sp|Q01518|CAP1_HUMAN,Q01518,CAP1_HUMAN,CAP1,Adenylyl cyclase-associated protein 1,5.254722735,0.0102947648,
MDMSLDDIIK,MDMSLDDIIK,M[649.3660]DMSLDDIIK,M[655.3735]DMSLDDIIK,5.591512645,6.189852453,,,,sp|Q86V81|THOC4_HUMAN,Q86V81,THOC4_HUMAN,ALYREF,THO complex subunit 4,5.890682549,0.03230423257,ALYREF_M5
ITTMQLER,ITTMQLER,ITTM[649.3660]QLER,ITTM[655.3735]QLER,,,6.115380269,,5.70339194,sp|Q14152|EIF3A_HUMAN,Q14152,EIF3A_HUMAN,EIF3A,Eukaryotic translation initiation factor 3 subunit A,5.909386104,0.02218282525,EIF3A_M736
DDNMFQIGK,DDNMFQIGK,DDNM[649.3660]FQIGK,DDNM[655.3735]FQIGK,,6.753237156,6.552627825,,,sp|P53999|TCP4_HUMAN,P53999,TCP4_HUMAN,SUB1,Activated RNA polymerase II transcriptional coactivator p15,6.65293249,0.00959743628,SUB1_M63
IHMSGPK,IHMSGPK,IHM[649.3660]SGPK,IHM[655.3735]SGPK,,,6.704193894,,6.833743664,sp|Q09666|AHNK_HUMAN,Q09666,AHNK_HUMAN,AHNAK,Neuroblast differentiation-associated protein AHNAK,6.768968779,0.006091875355,AHNAK_M5030
QYYTLLNQAPDMLHR,QYYTLLNQAPDMLHR,QYYTLLNQAPDM[649.3660]LHR,QYYTLLNQAPDM[655.3735]LHR,,6.785489286,,,7.254922064,sp|Q13283|G3BP1_HUMAN,Q13283,G3BP1_HUMAN,G3BP1,Ras GTPase-activating protein-binding protein 1,7.020205675,0.02127707642,G3BP1_M29
AMLENEK,AMLENEK,AM[649.3660]LENEK,AM[655.3735]LENEK,,7.242825354,,7.219561908,,sp|P26038|MOES_HUMAN,P26038,MOES_HUMAN,MSN,Moesin,7.231193631,0.001024032653,MSN_M322
LMELHGEGSSSGK,LMELHGEGSSSGK,LM[649.3660]ELHGEGSSSGK,LM[655.3735]ELHGEGSSSGK,,7.763586325,6.877012968,,,sp|P61247|RS3A_HUMAN,P61247,RS3A_HUMAN,RPS3A,Small ribosomal subunit protein eS1,7.320299646,0.03850400745,RPS3A_M229
DHFEEAMR,DHFEEAMR,DHFEEAM[649.3660]R,DHFEEAM[655.3735]R,,,,7.279391808,7.384375622,sp|P55072|TERA_HUMAN,P55072,TERA_HUMAN,VCP,Transitional endoplasmic reticulum ATPase,7.331883715,0.004557739369,VCP_M740
RHEQMKK,RHEQMKK,RHEQM[649.3660]KK,RHEQM[655.3735]KK,,7.483031677,7.494194806,7.457201877,7.28398714,sp|Q16181|SEPT7_HUMAN,Q16181,SEPT7_HUMAN,SEPTIN7,Septin-7,7.429603875,0.0000006384983247,SEPTIN7_M386
RTHNDIIHNENMR,RTHNDIIHNENMR,RTHNDIIHNENM[649.3660]R,RTHNDIIHNENM[655.3735]R,7.174722828,7.859538396,7.678563825,7.474329058,7.767745115,sp|P15311|EZRI_HUMAN,P15311,EZRI_HUMAN,EZR,Ezrin,7.590979844,0.0000004002626608,EZR_M558
AMEAVAAQGK,AMEAVAAQGK,AM[649.3660]EAVAAQGK,AM[655.3735]EAVAAQGK,8.617776046,7.403857599,,7.891325744,8.504622623,sp|P18669|PGAM1_HUMAN,P18669,PGAM1_HUMAN,PGAM1,Phosphoglycerate mutase 1,8.104395503,0.00009331913214,PGAM1_M243
TVTAMDVVYALK,TVTAMDVVYALK,TVTAM[649.3660]DVVYALK,TVTAM[655.3735]DVVYALK,,,,8.683690501,7.823751871,sp|P62805|H4_HUMAN,P62805,H4_HUMAN,H4C1,Histone H4,8.253721186,0.03313411632,H4C1_M85
EVFSMAGVVVR,EVFSMAGVVVR,EVFSM[649.3660]AGVVVR,EVFSM[655.3735]AGVVVR,9.016398212,,,,7.814215335,sp|P52272|HNRPM_HUMAN,P52272,HNRPM_HUMAN,HNRNPM,Heterogeneous nuclear ribonucleoprotein M,8.415306774,0.0453955988,HNRNPM_M226
QEMQEVQSSR,QEMQEVQSSR,QEM[649.3660]QEVQSSR,QEM[655.3735]QEVQSSR,8.65268187,8.353067924,8.195149743,8.408691376,8.504803716,sp|P22626|ROA2_HUMAN,P22626,ROA2_HUMAN,HNRNPA2B1,Heterogeneous nuclear ribonucleoproteins A2/B1,8.422878926,0.00000004039605522,HNRNPA2B1_M193
LFPLIQAMHPTLAGK,LFPLIQAMHPTLAGK,LFPLIQAM[649.3660]HPTLAGK,LFPLIQAM[655.3735]HPTLAGK,,,,8.329679885,8.527947869,sp|P11940|PABP1_HUMAN,P11940,PABP1_HUMAN,PABPC1,Polyadenylate-binding protein 1,8.428813877,0.007487144777,PABPC1_M573
HQGVMVGMGQK,HQGVMVGMGQK,HQGVMVGM[649.3660]GQK,HQGVMVGM[655.3735]GQK,9.078375598,7.715460272,8.621949354,,,sp|P63261|ACTG_HUMAN,P63261,ACTG_HUMAN,ACTG1,"Actin, cytoplasmic 2",8.471928408,0.002227638609,ACTG1_M47
TAMAAAK,TAMAAAK,TAM[649.3660]AAAK,TAM[655.3735]AAAK,,8.431434861,,,9.687591186,sp|P83731|RL24_HUMAN,P83731,RL24_HUMAN,RPL24,Large ribosomal subunit protein eL24,9.059513024,0.04406508517,RPL24_M127
ETMQSLNDR,ETMQSLNDR,ETM[649.3660]QSLNDR,ETM[655.3735]QSLNDR,,9.407117064,9.235582906,,10.1882233,sp|P05783|K1C18_HUMAN,P05783,K1C18_HUMAN,KRT18,"Keratin, type I cytoskeletal 18",9.610307756,0.0009293053841,KRT18_M84
HQGVMVGMGQK,HQGVM[15.9949]VGMGQK,HQGVM[15.9949]VGM[649.3660]GQK,HQGVM[15.9949]VGM[655.3735]GQK,9.639965296,9.730603743,,,,sp|P63261|ACTG_HUMAN,P63261,ACTG_HUMAN,ACTG1,"Actin, cytoplasmic 2",9.685284519,0.002978838996,ACTG1_M56