Peptide Sequence,Modified Peptide,Light Modified Peptide,Heavy Modified Peptide,exp_1 Light Intensity,exp_1 Log2 Ratio HL,exp_2 Log2 Ratio HL,exp_3 Log2 Ratio HL,exp_4 Log2 Ratio HL,exp_5 Log2 Ratio HL,Protein,Protein ID,Entry Name,Gene,Protein Description,Average H/L,P-value,Site
VIQAGMFDQK,VIQAGMFDQK,VIQAGM[649.3660]FDQK,VIQAGM[655.3735]FDQK,,,-5.353853335,-5.179114821,-5.170142769,,sp|P51532|SMCA4_HUMAN,P51532,SMCA4_HUMAN,SMARCA4,Transcription activator BRG1,-5.234370308,0.0001304830332,SMARCA4_M1233
MGLVMDR,MGLVMDR,M[649.3660]GLVMDR,M[655.3735]GLVMDR,221884784,-4.886254337,-4.943996256,-5.015290806,-4.814711069,-4.866698936,sp|P52272|HNRPM_HUMAN,P52272,HNRPM_HUMAN,HNRNPM,Heterogeneous nuclear ribonucleoprotein M,-4.905390281,0.00000001449042643,HNRNPM_M437
VDLVLMHWR,VDLVLMHWR,VDLVLM[649.3660]HWR,VDLVLM[655.3735]HWR,33654592,-3.070272131,-3.355457034,,,,sp|O75165|DJC13_HUMAN,O75165,DJC13_HUMAN,DNAJC13,DnaJ homolog subfamily C member 13,-3.212864582,0.02823575026,DNAJC13_M724
FKMPEMHFR,FKM[15.9949]PEMHFR,FKM[15.9949]PEM[649.3660]HFR,FKM[15.9949]PEM[655.3735]HFR,,,,,-2.202729334,-2.219460833,sp|Q09666|AHNK_HUMAN,Q09666,AHNK_HUMAN,AHNAK,Neuroblast differentiation-associated protein AHNAK,-2.211095083,0.002408660037,AHNAK_M1069
KLMQLQHEK,KLMQLQHEK,KLM[649.3660]QLQHEK,KLM[655.3735]QLQHEK,2891831.2,1.0703434,1.083406447,,,,sp|Q16204|CCDC6_HUMAN,Q16204,CCDC6_HUMAN,CCDC6,Coiled-coil domain-containing protein 6,1.076874923,0.003861215408,CCDC6_M150
NKHEAMITDLEER,NKHEAMITDLEER,NKHEAM[649.3660]ITDLEER,NKHEAM[655.3735]ITDLEER,11979429,1.277815492,1.576446979,1.391734071,,0.7486840316,sp|P35579|MYH9_HUMAN,P35579,MYH9_HUMAN,MYH9,Myosin-9,1.248670143,0.005916867572,MYH9_M1028
YHTESLQNMSK,YHTESLQNMSK,YHTESLQNM[649.3660]SK,YHTESLQNM[655.3735]SK,,,,1.357650661,1.545832935,1.650951257,sp|O94992|HEXI1_HUMAN,O94992,HEXI1_HUMAN,HEXIM1,Protein HEXIM1,1.518144951,0.003178352911,HEXIM1_M282
MGIVGPEFK,MGIVGPEFK,M[649.3660]GIVGPEFK,M[655.3735]GIVGPEFK,2765434,1.282816812,1.447835409,2.763510345,,1.001938833,sp|Q15149|PLEC_HUMAN,Q15149,PLEC_HUMAN,PLEC,Plectin,1.62402535,0.0253369956,PLEC_M4130
IVQISGNSMPR,IVQISGNSMPR,IVQISGNSM[649.3660]PR,IVQISGNSM[655.3735]PR,8873681,1.854633868,,,2.10589013,1.905603041,sp|Q9NWH9|SLTM_HUMAN,Q9NWH9,SLTM_HUMAN,SLTM,SAFB-like transcription modulator,1.95537568,0.001534357858,SLTM_M1015
GNMEVAR,GNMEVAR,GNM[649.3660]EVAR,GNM[655.3735]EVAR,15749186,2.006011323,1.831629851,2.035543839,2.045232567,2.223298534,sp|Q7LBR1|CHM1B_HUMAN,Q7LBR1,CHM1B_HUMAN,CHMP1B,Charged multivesicular body protein 1b,2.028343223,0.000005294786186,CHMP1B_M45
RLMADELER,RLMADELER,RLM[649.3660]ADELER,RLM[655.3735]ADELER,10364538,2.213694298,1.950288904,2.198423458,,1.904911025,sp|O60610|DIAP1_HUMAN,O60610,DIAP1_HUMAN,DIAPH1,Protein diaphanous homolog 1,2.066829421,0.0001318963227,DIAPH1_M45
QLDMILDEQR,QLDMILDEQR,QLDM[649.3660]ILDEQR,QLDM[655.3735]ILDEQR,,,,,2.339485235,2.296768788,sp|P49257|LMAN1_HUMAN,P49257,LMAN1_HUMAN,LMAN1,Protein ERGIC-53,2.318127011,0.005865374342,LMAN1_M354
INEIRQMSGAQIK,INEIRQMSGAQIK,INEIRQM[649.3660]SGAQIK,INEIRQM[655.3735]SGAQIK,7705056,2.567798983,2.480045392,,,,sp|Q15366|PCBP2_HUMAN,Q15366,PCBP2_HUMAN,PCBP2,Poly(rC)-binding protein 2,2.523922187,0.01106611861,PCBP2_M316
YTEMDYAR,YTEMDYAR,YTEM[649.3660]DYAR,YTEM[655.3735]DYAR,,,,,2.403307765,2.655127458,sp|Q9UKD2|MRT4_HUMAN,Q9UKD2,MRT4_HUMAN,MRTO4,mRNA turnover protein 4 homolog,2.529217612,0.03166614827,MRTO4_M122
GGGPMGPGSGPNLR,GGGPMGPGSGPNLR,GGGPM[649.3660]GPGSGPNLR,GGGPM[655.3735]GPGSGPNLR,1876547.5,2.410006284,2.876284237,,2.388821123,,sp|P0CG12|DERPC_HUMAN,P0CG12,DERPC_HUMAN,DERPC,Decreased expression in renal and prostate cancer protein,2.558370548,0.003843830985,DERPC_M177
IEHDVVMK,IEHDVVMK,IEHDVVM[649.3660]K,IEHDVVM[655.3735]K,15155528,2.475333912,2.216196556,3.35735672,2.358637654,2.432719656,sp|Q9UNZ5|L10K_HUMAN,Q9UNZ5,L10K_HUMAN,C19orf53,Leydig cell tumor 10 kDa protein homolog,2.5680489,0.0002213050372,C19orf53_M67
ADMQNLVER,n[42.0106]ADMQNLVER,n[42.0106]ADM[649.3660]QNLVER,n[42.0106]ADM[655.3735]QNLVER,3235985.5,2.248892176,3.686506832,2.220728144,,2.578891023,sp|Q01518|CAP1_HUMAN,Q01518,CAP1_HUMAN,CAP1,Adenylyl cyclase-associated protein 1,2.683754544,0.00438326745,
DIQNMNFLLK,DIQNMNFLLK,DIQNM[649.3660]NFLLK,DIQNM[655.3735]NFLLK,6051596.5,2.81239728,2.612299569,2.693743656,2.606678107,2.72920032,sp|Q86UP2|KTN1_HUMAN,Q86UP2,KTN1_HUMAN,KTN1,Kinectin,2.690863786,0.0000002487782519,KTN1_M643
MGAGMGFGLER,MGAGMGFGLER,M[649.3660]GAGMGFGLER,M[655.3735]GAGMGFGLER,4576741,2.824417979,2.606080519,2.751631294,2.924055593,2.917301961,sp|P52272|HNRPM_HUMAN,P52272,HNRPM_HUMAN,HNRNPM,Heterogeneous nuclear ribonucleoprotein M,2.804697469,0.000001170128129,HNRNPM_M486
GHMTTEAK,GHMTTEAK,GHM[649.3660]TTEAK,GHM[655.3735]TTEAK,,,,,2.873524186,2.744213829,sp|Q99459|CDC5L_HUMAN,Q99459,CDC5L_HUMAN,CDC5L,Cell division cycle 5-like protein,2.808869008,0.01465126984,CDC5L_M703
SLEDQVEMLR,SLEDQVEMLR,SLEDQVEM[649.3660]LR,SLEDQVEM[655.3735]LR,2453613,2.87231341,2.846136537,,,2.854819505,sp|P14314|GLU2B_HUMAN,P14314,GLU2B_HUMAN,PRKCSH,Glucosidase 2 subunit beta,2.857756484,0.000007256013131,PRKCSH_M175
AEMEVLLASK,AEMEVLLASK,AEM[649.3660]EVLLASK,AEM[655.3735]EVLLASK,593212.9,4.491960104,2.663922982,2.562397328,2.52601369,2.155676314,sp|Q15149|PLEC_HUMAN,Q15149,PLEC_HUMAN,PLEC,Plectin,2.879994083,0.002204851234,PLEC_M1901
RHEQMK,RHEQMK,RHEQM[649.3660]K,RHEQM[655.3735]K,6191068.5,3.055963543,2.701365376,,3.059740861,,sp|Q16181|SEPT7_HUMAN,Q16181,SEPT7_HUMAN,SEPTIN7,Septin-7,2.93902326,0.001630840822,SEPTIN7_M386
MGAGLGHGMDR,MGAGLGHGMDR,MGAGLGHGM[649.3660]DR,MGAGLGHGM[655.3735]DR,,,4.136969997,2.961872597,2.229905468,,sp|P52272|HNRPM_HUMAN,P52272,HNRPM_HUMAN,HNRNPM,Heterogeneous nuclear ribonucleoprotein M,3.109582688,0.03045723799,HNRNPM_M427
IHQIEYAMEAVK,IHQIEYAMEAVK,IHQIEYAM[649.3660]EAVK,IHQIEYAM[655.3735]EAVK,,,2.527996533,3.432343731,,3.608855345,sp|P25786|PSA1_HUMAN,P25786,PSA1_HUMAN,PSMA1,Proteasome subunit alpha type-1,3.18973187,0.01083617582,PSMA1_M26
MGRGPGPLQER,MGRGPGPLQER,M[649.3660]GRGPGPLQER,M[655.3735]GRGPGPLQER,1719143,3.194578329,3.435516013,,,3.180165945,sp|P43243|MATR3_HUMAN,P43243,MATR3_HUMAN,MATR3,Matrin-3,3.270086762,0.0006408049393,MATR3_M253
MLATLEPEQR,MLATLEPEQR,M[649.3660]LATLEPEQR,M[655.3735]LATLEPEQR,,,3.264551699,,,3.388178798,sp|P54886|P5CS_HUMAN,P54886,P5CS_HUMAN,ALDH18A1,Delta-1-pyrroline-5-carboxylate synthase,3.326365248,0.01182888719,ALDH18A1_M376
MGPVMDR,MGPVMDR,M[649.3660]GPVMDR,M[655.3735]GPVMDR,,,3.135081728,3.500898516,,3.923482639,sp|P52272|HNRPM_HUMAN,P52272,HNRPM_HUMAN,HNRNPM,Heterogeneous nuclear ribonucleoprotein M,3.519820961,0.004162016598,HNRNPM_M544
KFMLFR,KFMLFR,KFM[649.3660]LFR,KFM[655.3735]LFR,1587712.5,3.565145902,,,3.637416899,3.380667019,sp|Q13813|SPTN1_HUMAN,Q13813,SPTN1_HUMAN,SPTAN1,"Spectrin alpha chain, non-erythrocytic 1",3.527743273,0.0004691856295,SPTAN1_M1095
HEHQVMLMR,HEHQVMLM[15.9949]R,HEHQVM[649.3660]LM[15.9949]R,HEHQVM[655.3735]LM[15.9949]R,15220019,3.707276657,,3.412361161,,3.532226185,sp|Q15233|NONO_HUMAN,Q15233,NONO_HUMAN,NONO,Non-POU domain-containing octamer-binding protein,3.550621334,0.0005811203889,NONO_M310
IHPMAYQLQLQAASNFK,IHPMAYQLQLQAASNFK,IHPM[649.3660]AYQLQLQAASNFK,IHPM[655.3735]AYQLQLQAASNFK,551675.2,4.431201336,3.401063741,,3.324577221,3.225097971,sp|P67870|CSK2B_HUMAN,P67870,CSK2B_HUMAN,CSNK2B,Casein kinase II subunit beta,3.595485067,0.001028850558,CSNK2B_M195
AVDEMNGK,AVDEMNGK,AVDEM[649.3660]NGK,AVDEM[655.3735]NGK,1835900.9,3.552438799,3.698164261,,,,sp|P11940|PABP1_HUMAN,P11940,PABP1_HUMAN,PABPC1,Polyadenylate-binding protein 1,3.62530153,0.01279331127,PABPC1_M251
LQHVEDGVLSMQVASAR,LQHVEDGVLSMQVASAR,LQHVEDGVLSM[649.3660]QVASAR,LQHVEDGVLSM[655.3735]QVASAR,1924899.5,3.393729675,,3.266643587,4.017625541,4.120404642,sp|Q07065|CKAP4_HUMAN,Q07065,CKAP4_HUMAN,CKAP4,Cytoskeleton-associated protein 4,3.699600861,0.0004328285829,CKAP4_M423
LGEMWSEQSAK,LGEMWSEQSAK,LGEM[649.3660]WSEQSAK,LGEM[655.3735]WSEQSAK,,,,3.871846032,,3.739361489,sp|P26583|HMGB2_HUMAN,P26583,HMGB2_HUMAN,HMGB2,High mobility group protein B2,3.80560376,0.01108020806,HMGB2_M132
GVMLAVDAVIAELKK,GVMLAVDAVIAELKK,GVM[649.3660]LAVDAVIAELKK,GVM[655.3735]LAVDAVIAELKK,4613255.5,3.817963904,3.817864686,4.005400968,3.704919017,3.697663948,sp|P10809|CH60_HUMAN,P10809,CH60_HUMAN,HSPD1,"60 kDa heat shock protein, mitochondrial",3.808762505,0.0000002732551075,HSPD1_M145
VIMATNR,VIMATNR,VIM[649.3660]ATNR,VIM[655.3735]ATNR,2484330.2,3.878427601,3.523780163,,,4.234743039,sp|P62195|PRS8_HUMAN,P62195,PRS8_HUMAN,PSMC5,26S proteasome regulatory subunit 8,3.878983601,0.00278777986,PSMC5_M293
KMEESK,KMEESK,KM[649.3660]EESK,KM[655.3735]EESK,2665871,3.819465676,4.306879688,3.81774946,4.032327106,3.934583445,sp|P08238|HS90B_HUMAN,P08238,HS90B_HUMAN,HSP90AB1,Heat shock protein HSP 90-beta,3.982201075,0.000001593407708,HSP90AB1_M553
GQVPMQDPR,GQVPMQDPR,GQVPM[649.3660]QDPR,GQVPM[655.3735]QDPR,,,3.537372341,4.064598712,4.625436961,3.895345258,sp|P33240|CSTF2_HUMAN,P33240,CSTF2_HUMAN,CSTF2,Cleavage stimulation factor subunit 2,4.030688318,0.0003877891977,CSTF2_M299
TKPSDEEMLFIYGHYK,TKPSDEEMLFIYGHYK,TKPSDEEM[649.3660]LFIYGHYK,TKPSDEEM[655.3735]LFIYGHYK,1104698,3.771623662,4.029384969,3.725634403,4.198800665,4.492502723,sp|P07108|ACBP_HUMAN,P07108,ACBP_HUMAN,DBI,Acyl-CoA-binding protein,4.043589285,0.000008943401656,DBI_M25
LEVNLQAMK,LEVNLQAMK,LEVNLQAM[649.3660]K,LEVNLQAM[655.3735]K,2415037.2,4.08861697,,,4.011537292,,sp|P35579|MYH9_HUMAN,P35579,MYH9_HUMAN,MYH9,Myosin-9,4.050077131,0.006057781645,MYH9_M1565
RMLELVAQK,RMLELVAQK,RM[649.3660]LELVAQK,RM[655.3735]LELVAQK,,,4.033408214,4.134019987,,,sp|Q04323|UBXN1_HUMAN,Q04323,UBXN1_HUMAN,UBXN1,UBX domain-containing protein 1,4.0837141,0.007841906082,UBXN1_M98
SMSAPVIFDR,SMSAPVIFDR,SM[649.3660]SAPVIFDR,SM[655.3735]SAPVIFDR,,,,3.93760191,,4.427532805,sp|O60749|SNX2_HUMAN,O60749,SNX2_HUMAN,SNX2,Sorting nexin-2,4.182567358,0.03724312973,SNX2_M118
SMPWNVDTLSK,SMPWNVDTLSK,SM[649.3660]PWNVDTLSK,SM[655.3735]PWNVDTLSK,5082564,3.154750444,,,4.139145524,5.958174693,sp|Q16543|CDC37_HUMAN,Q16543,CDC37_HUMAN,CDC37,Hsp90 co-chaperone Cdc37,4.417356887,0.03286164745,CDC37_M112
TLNMTTSPEEK,TLNMTTSPEEK,TLNM[649.3660]TTSPEEK,TLNM[655.3735]TTSPEEK,2226051,3.85120088,4.444535201,5.405305226,,,sp|P49915|GUAA_HUMAN,P49915,GUAA_HUMAN,GMPS,GMP synthase [glutamine-hydrolyzing],4.567013769,0.009686921952,GMPS_M329
PMFIVNTNVPR,n[42.0106]PMFIVNTNVPR,n[42.0106]PM[649.3660]FIVNTNVPR,n[42.0106]PM[655.3735]FIVNTNVPR,2435922,4.27048326,4.466373247,4.464181768,4.565045931,5.195245583,sp|P14174|MIF_HUMAN,P14174,MIF_HUMAN,MIF,Macrophage migration inhibitory factor,4.592265958,0.000008369763636,
QYYTLLNQAPDMLHR,QYYTLLNQAPDMLHR,QYYTLLNQAPDM[649.3660]LHR,QYYTLLNQAPDM[655.3735]LHR,2818303,4.679005598,4.579761439,4.649155728,4.828016941,4.379277484,sp|Q13283|G3BP1_HUMAN,Q13283,G3BP1_HUMAN,G3BP1,Ras GTPase-activating protein-binding protein 1,4.623043438,0.0000003762001471,G3BP1_M29
TYMDVMR,TYMDVMR,TYM[649.3660]DVMR,TYM[655.3735]DVMR,,,,4.446033247,,4.889318093,sp|O75533|SF3B1_HUMAN,O75533,SF3B1_HUMAN,SF3B1,Splicing factor 3B subunit 1,4.66767567,0.03020690612,SF3B1_M153
SAAMTLNER,SAAMTLNER,SAAM[649.3660]TLNER,SAAM[655.3735]TLNER,,,,4.617541226,,4.850603394,sp|Q9NYF8|BCLF1_HUMAN,Q9NYF8,BCLF1_HUMAN,BCLAF1,Bcl-2-associated transcription factor 1,4.73407231,0.01566748651,BCLAF1_M626
AISSDMFFGR,AISSDMFFGR,AISSDM[649.3660]FFGR,AISSDM[655.3735]FFGR,,,,,4.719740685,4.751342908,sp|Q8N6H7|ARFG2_HUMAN,Q8N6H7,ARFG2_HUMAN,ARFGAP2,ADP-ribosylation factor GTPase-activating protein 2,4.735541796,0.002124205197,ARFGAP2_M435
GEENLMDAQVK,GEENLMDAQVK,GEENLM[649.3660]DAQVK,GEENLM[655.3735]DAQVK,,,,4.505168378,,5.115041903,sp|P50990|TCPQ_HUMAN,P50990,TCPQ_HUMAN,CCT8,T-complex protein 1 subunit theta,4.810105141,0.04030459392,CCT8_M276
QSLTMDPVVK,QSLTMDPVVK,QSLTM[649.3660]DPVVK,QSLTM[655.3735]DPVVK,,,4.880273878,,,4.841279664,sp|P34932|HSP74_HUMAN,P34932,HSP74_HUMAN,HSPA4,Heat shock 70 kDa protein 4,4.860776771,0.002553537776,HSPA4_M759
MGGGSIEVSVPR,MGGGSIEVSVPR,M[649.3660]GGGSIEVSVPR,M[655.3735]GGGSIEVSVPR,,,,,4.5837393,5.180532021,sp|Q96I24|FUBP3_HUMAN,Q96I24,FUBP3_HUMAN,FUBP3,Far upstream element-binding protein 3,4.882135661,0.03886188685,FUBP3_M251
KQMEYER,KQMEYER,KQM[649.3660]EYER,KQM[655.3735]EYER,1423561.2,4.748273121,5.246717407,,,4.694657467,sp|Q8NE71|ABCF1_HUMAN,Q8NE71,ABCF1_HUMAN,ABCF1,ATP-binding cassette sub-family F member 1,4.896549331,0.001286041816,ABCF1_M265
GMQGPPGPR,GMQGPPGPR,GM[649.3660]QGPPGPR,GM[655.3735]QGPPGPR,,,,,4.811913508,4.987475763,sp|Q9C0J8|WDR33_HUMAN,Q9C0J8,WDR33_HUMAN,WDR33,pre-mRNA 3' end processing protein WDR33,4.899694635,0.01140422571,
RGVMLAVDAVIAELK,RGVMLAVDAVIAELK,RGVM[649.3660]LAVDAVIAELK,RGVM[655.3735]LAVDAVIAELK,,,4.90332381,4.546924478,5.300213593,,sp|P10809|CH60_HUMAN,P10809,CH60_HUMAN,HSPD1,"60 kDa heat shock protein, mitochondrial",4.916820627,0.001952172936,HSPD1_M145
IPMPDFDLHLKGPK,IPMPDFDLHLKGPK,IPM[649.3660]PDFDLHLKGPK,IPM[655.3735]PDFDLHLKGPK,,,4.915636158,5.208143397,,,sp|Q09666|AHNK_HUMAN,Q09666,AHNK_HUMAN,AHNAK,Neuroblast differentiation-associated protein AHNAK,5.061889778,0.01838879427,AHNAK_M2965
NLLHVTDTGVGMTR,NLLHVTDTGVGMTR,NLLHVTDTGVGM[649.3660]TR,NLLHVTDTGVGM[655.3735]TR,,,5.267012665,,,5.002939455,sp|P14625|ENPL_HUMAN,P14625,ENPL_HUMAN,HSP90B1,Endoplasmin,5.13497606,0.01636591767,HSP90B1_M154
EHAMLAK,EHAMLAK,EHAM[649.3660]LAK,EHAM[655.3735]LAK,1253902.5,5.526234632,,,,4.766593609,sp|P15170|ERF3A_HUMAN,P15170,ERF3A_HUMAN,GSPT1,Eukaryotic peptide chain release factor GTP-binding subunit ERF3A,5.14641412,0.04689938483,GSPT1_M205
VHMWEQTVK,VHMWEQTVK,VHM[649.3660]WEQTVK,VHM[655.3735]WEQTVK,1324394.2,4.841181845,,,5.474070804,,sp|Q14683|SMC1A_HUMAN,Q14683,SMC1A_HUMAN,SMC1A,Structural maintenance of chromosomes protein 1A,5.157626325,0.03901069678,SMC1A_M837
RHEQMKK,RHEQMKK,RHEQM[649.3660]KK,RHEQM[655.3735]KK,7767295,5.135213588,5.257109153,5.126681332,5.30997601,5.208175977,sp|Q16181|SEPT7_HUMAN,Q16181,SEPT7_HUMAN,SEPTIN7,Septin-7,5.207431212,0.00000001246107818,SEPTIN7_M386
RDLTQMADELRR,RDLTQMADELRR,RDLTQM[649.3660]ADELRR,RDLTQM[655.3735]ADELRR,,,,5.270976078,5.286300553,5.233323009,sp|P41227|NAA10_HUMAN,P41227,NAA10_HUMAN,NAA10,N-alpha-acetyltransferase 10,5.263533213,0.00000894180478,NAA10_M154
ALMLQGVDLLADAVAVTMGPK,ALMLQGVDLLADAVAVTMGPK,ALM[649.3660]LQGVDLLADAVAVTMGPK,ALM[655.3735]LQGVDLLADAVAVTMGPK,,,5.216257403,5.315532005,,,sp|P10809|CH60_HUMAN,P10809,CH60_HUMAN,HSPD1,"60 kDa heat shock protein, mitochondrial",5.265894704,0.006000718471,HSPD1_M40
REELSNVLAAMRK,REELSNVLAAMRK,REELSNVLAAM[649.3660]RK,REELSNVLAAM[655.3735]RK,5732029.5,5.428008804,5.202193788,5.751888781,5.142187785,5.237488471,sp|Q9Y3U8|RL36_HUMAN,Q9Y3U8,RL36_HUMAN,RPL36,Large ribosomal subunit protein eL36,5.352353526,0.000001096327486,RPL36_M97
AQALRDNSTMGYMAAK,AQALRDNSTMGYMAAK,AQALRDNSTM[649.3660]GYMAAK,AQALRDNSTM[655.3735]GYMAAK,,,5.753880224,5.093604382,,,sp|P07900|HS90A_HUMAN,P07900,HS90A_HUMAN,HSP90AA1,Heat shock protein HSP 90-alpha,5.423742303,0.03870267544,HSP90AA1_M625
LQDAEIARLMEDLDR,LQDAEIARLMEDLDR,LQDAEIARLM[649.3660]EDLDR,LQDAEIARLM[655.3735]EDLDR,,,5.421855652,5.238434042,,5.69708019,sp|P06703|S10A6_HUMAN,P06703,S10A6_HUMAN,S100A6,Protein S100-A6,5.452456628,0.000596983454,S100A6_M57
FGSGMNMGR,FGSGMNMGR,FGSGM[649.3660]NMGR,FGSGM[655.3735]NMGR,723076.3,5.435719724,6.111641779,5.794205431,,4.840756606,sp|P52272|HNRPM_HUMAN,P52272,HNRPM_HUMAN,HNRNPM,Heterogeneous nuclear ribonucleoprotein M,5.545580885,0.0002594028646,HNRNPM_M367
KFMTNR,KFMTNR,KFM[649.3660]TNR,KFM[655.3735]TNR,10684478,5.411727942,,5.597605338,5.732496935,,sp|P62847|RS24_HUMAN,P62847,RS24_HUMAN,RPS24,Small ribosomal subunit protein eS24,5.580610071,0.0002775245837,RPS24_M13
YLMIEEYLTK,YLMIEEYLTK,YLM[649.3660]IEEYLTK,YLM[655.3735]IEEYLTK,668099.5,5.502624729,5.92149503,5.163683147,5.74639274,,sp|O95817|BAG3_HUMAN,O95817,BAG3_HUMAN,BAG3,BAG family molecular chaperone regulator 3,5.583548912,0.00005591817152,BAG3_M453
VIAPWRMPEFYNR,VIAPWRMPEFYNR,VIAPWRM[649.3660]PEFYNR,VIAPWRM[655.3735]PEFYNR,2506561.5,5.546467895,,5.627859796,,,sp|P00966|ASSY_HUMAN,P00966,ASSY_HUMAN,ASS1,Argininosuccinate synthase,5.587163845,0.004636948107,ASS1_M147
LAQQMENRPSVQAALK,LAQQMENRPSVQAALK,LAQQM[649.3660]ENRPSVQAALK,LAQQM[655.3735]ENRPSVQAALK,1343161.5,6.257587392,5.286645462,5.708146042,,5.687574314,sp|Q9Y3Y2|CHTOP_HUMAN,Q9Y3Y2,CHTOP_HUMAN,CHTOP,Chromatin target of PRMT1 protein,5.734988302,0.0000922815011,CHTOP_M59
LDTHPAMVTVLEMGAAR,LDTHPAMVTVLEMGAAR,LDTHPAMVTVLEM[649.3660]GAAR,LDTHPAMVTVLEM[655.3735]GAAR,,,,5.796324447,5.699572559,,sp|Q12931|TRAP1_HUMAN,Q12931,TRAP1_HUMAN,TRAP1,"Heat shock protein 75 kDa, mitochondrial",5.747948503,0.005357799466,TRAP1_M615
YAMEQSIK,YAMEQSIK,YAM[649.3660]EQSIK,YAM[655.3735]EQSIK,962023.6,5.485910484,6.20640764,,,,sp|Q9UHX1|PUF60_HUMAN,Q9UHX1,PUF60_HUMAN,PUF60,Poly(U)-binding-splicing factor PUF60,5.846159062,0.03917986836,PUF60_M75
MGPAIER,MGPAIER,M[649.3660]GPAIER,M[655.3735]GPAIER,3472653.2,5.574161675,5.626910685,5.831802819,,6.544049761,sp|P52272|HNRPM_HUMAN,P52272,HNRPM_HUMAN,HNRNPM,Heterogeneous nuclear ribonucleoprotein M,5.894231235,0.0001198037348,HNRNPM_M518
LFEMAYK,LFEMAYK,LFEM[649.3660]AYK,LFEM[655.3735]AYK,560287.94,5.621810095,6.276653349,,,,sp|P38646|GRP75_HUMAN,P38646,GRP75_HUMAN,HSPA9,"Stress-70 protein, mitochondrial",5.949231722,0.03500166378,HSPA9_M650
MGPLGLDHMASSIER,MGPLGLDHMASSIER,MGPLGLDHM[649.3660]ASSIER,MGPLGLDHM[655.3735]ASSIER,339111.06,6.440493079,5.888347411,5.473511792,6.562877423,5.567138056,sp|P52272|HNRPM_HUMAN,P52272,HNRPM_HUMAN,HNRNPM,Heterogeneous nuclear ribonucleoprotein M,5.986473552,0.00001127311026,HNRNPM_M465
IDYGEYMDKNNVR,IDYGEYMDKNNVR,IDYGEYM[649.3660]DKNNVR,IDYGEYM[655.3735]DKNNVR,,,,6.16674249,5.884915301,,sp|Q04837|SSBP_HUMAN,Q04837,SSBP_HUMAN,SSBP1,"Single-stranded DNA-binding protein, mitochondrial",6.025828896,0.01488459677,SSBP1_M120
MAAAGGGGGGGR,MAAAGGGGGGGR,M[649.3660]AAAGGGGGGGR,M[655.3735]AAAGGGGGGGR,1573692.8,6.039112999,,,6.109799416,,sp|P14866|HNRPL_HUMAN,P14866,HNRPL_HUMAN,HNRNPL,Heterogeneous nuclear ribonucleoprotein L,6.074456208,0.003704024003,HNRNPL_M35
AMEAVAAQGK,AMEAVAAQGK,AM[649.3660]EAVAAQGK,AM[655.3735]EAVAAQGK,4608274,6.56541265,5.900183298,6.117651503,5.809628705,6.190678923,sp|P18669|PGAM1_HUMAN,P18669,PGAM1_HUMAN,PGAM1,Phosphoglycerate mutase 1,6.116711016,0.000001293616083,PGAM1_M243
GMVSAYPR,GMVSAYPR,GM[649.3660]VSAYPR,GM[655.3735]VSAYPR,,,,,6.398748519,5.858663545,sp|P33991|MCM4_HUMAN,P33991,MCM4_HUMAN,MCM4,DNA replication licensing factor MCM4,6.128706032,0.02803255049,MCM4_M726
LHQMWLSWNQK,LHQMWLSWNQK,LHQM[649.3660]WLSWNQK,LHQM[655.3735]WLSWNQK,,,6.626626219,5.900546329,6.2459365,5.890553837,sp|O60664|PLIN3_HUMAN,O60664,PLIN3_HUMAN,PLIN3,Perilipin-3,6.165915721,0.00004974190442,PLIN3_M300
KFMNPFNMPNLYQK,KFMNPFNMPNLYQK,KFM[649.3660]NPFNMPNLYQK,KFM[655.3735]NPFNMPNLYQK,119197.1,6.577750816,,,6.199623075,,sp|P31948|STIP1_HUMAN,P31948,STIP1_HUMAN,STIP1,Stress-induced-phosphoprotein 1,6.388686945,0.01883433651,STIP1_M125
HREAEMR,HREAEMR,HREAEM[649.3660]R,HREAEM[655.3735]R,2091971.5,6.568173586,,6.456619496,6.46818426,6.408205331,sp|O14737|PDCD5_HUMAN,O14737,PDCD5_HUMAN,PDCD5,Programmed cell death protein 5,6.475295668,0.0000003073762324,PDCD5_M39
TVTAMDVVYALK,TVTAMDVVYALK,TVTAM[649.3660]DVVYALK,TVTAM[655.3735]DVVYALK,9528581,6.309925372,6.365998242,7.13446972,6.360899448,6.318950964,sp|P62805|H4_HUMAN,P62805,H4_HUMAN,H4C1,Histone H4,6.498048749,0.000002168792964,H4C1_M85
LEMEMEAAR,LEMEMEAAR,LEM[649.3660]EMEAAR,LEM[655.3735]EMEAAR,1059096.6,6.772113176,6.087264542,7.021574591,6.359079006,,sp|Q15233|NONO_HUMAN,Q15233,NONO_HUMAN,NONO,Non-POU domain-containing octamer-binding protein,6.560007829,0.00007059564312,NONO_M298
FKMPDVHFK,FKMPDVHFK,FKM[649.3660]PDVHFK,FKM[655.3735]PDVHFK,134584.19,6.969386961,,,,6.162996369,sp|Q09666|AHNK_HUMAN,Q09666,AHNK_HUMAN,AHNAK,Neuroblast differentiation-associated protein AHNAK,6.566191665,0.03904245078,AHNAK_M4509
QEMQEVQSSR,QEMQEVQSSR,QEM[649.3660]QEVQSSR,QEM[655.3735]QEVQSSR,23386268,6.530876126,6.584068717,6.749043866,6.721940788,6.71554228,sp|P22626|ROA2_HUMAN,P22626,ROA2_HUMAN,HNRNPA2B1,Heterogeneous nuclear ribonucleoproteins A2/B1,6.660294355,0.00000001059610179,HNRNPA2B1_M193
LFEMAYKK,LFEMAYKK,LFEM[649.3660]AYKK,LFEM[655.3735]AYKK,,,6.661451822,,,6.868168915,sp|P38646|GRP75_HUMAN,P38646,GRP75_HUMAN,HSPA9,"Stress-70 protein, mitochondrial",6.764810369,0.009726063459,HSPA9_M650
MATGLER,MATGLER,M[649.3660]ATGLER,M[655.3735]ATGLER,,,,6.719206327,,6.830875603,sp|P52272|HNRPM_HUMAN,P52272,HNRPM_HUMAN,HNRNPM,Heterogeneous nuclear ribonucleoprotein M,6.775040965,0.005246408079,HNRNPM_M551
EVFSMAGVVVR,EVFSMAGVVVR,EVFSM[649.3660]AGVVVR,EVFSM[655.3735]AGVVVR,2532628.2,6.913820556,6.501446046,7.165593869,,6.770631735,sp|P52272|HNRPM_HUMAN,P52272,HNRPM_HUMAN,HNRNPM,Heterogeneous nuclear ribonucleoprotein M,6.837873052,0.00001838035503,HNRNPM_M226
GDMDISLPK,GDMDISLPK,GDM[649.3660]DISLPK,GDM[655.3735]DISLPK,240535.12,6.428279783,7.388692392,,,,sp|Q09666|AHNK_HUMAN,Q09666,AHNK_HUMAN,AHNAK,Neuroblast differentiation-associated protein AHNAK,6.908486088,0.04418014215,AHNAK_M4611
EAPPMEKPEVVK,EAPPMEKPEVVK,EAPPM[649.3660]EKPEVVK,EAPPM[655.3735]EKPEVVK,888480.5,6.820036645,7.09337678,,,,sp|P62841|RS15_HUMAN,P62841,RS15_HUMAN,RPS15,Small ribosomal subunit protein uS19,6.956706713,0.01250529595,RPS15_M70
DYYDRMYSYPAR,DYYDRMYSYPAR,DYYDRM[649.3660]YSYPAR,DYYDRM[655.3735]YSYPAR,2984641,6.990696764,6.898420007,6.78687721,7.63507951,6.50348961,sp|P07910|HNRPC_HUMAN,P07910,HNRPC_HUMAN,HNRNPC,Heterogeneous nuclear ribonucleoproteins C1/C2,6.96291262,0.000003101319697,HNRNPC_M136
LMELHGEGSSSGK,LMELHGEGSSSGK,LM[649.3660]ELHGEGSSSGK,LM[655.3735]ELHGEGSSSGK,1943344,6.677828121,,7.862898378,,6.513863708,sp|P61247|RS3A_HUMAN,P61247,RS3A_HUMAN,RPS3A,Small ribosomal subunit protein eS1,7.018196735,0.003646995908,RPS3A_M229
MGANNLER,MGANNLER,M[649.3660]GANNLER,M[655.3735]GANNLER,501682.5,7.828777914,,6.15229877,7.047565119,7.137879054,sp|P52272|HNRPM_HUMAN,P52272,HNRPM_HUMAN,HNRNPM,Heterogeneous nuclear ribonucleoprotein M,7.041630214,0.0002548630443,HNRNPM_M558
RQQEEMMRR,RQQEEMM[15.9949]RR,RQQEEM[649.3660]M[15.9949]RR,RQQEEM[655.3735]M[15.9949]RR,423873.5,7.262852723,8.079035161,6.495178966,6.276799715,7.108150174,sp|Q15233|NONO_HUMAN,Q15233,NONO_HUMAN,NONO,Non-POU domain-containing octamer-binding protein,7.044403348,0.00002435561864,NONO_M362
HQGVMVGMGQK,HQGVMVGMGQK,HQGVM[649.3660]VGMGQK,HQGVMVGM[655.3735]GQK,5998653,7.297041914,7.053733335,6.637443602,7.664948659,6.953691148,sp|P68032|ACTC_HUMAN,P68032,ACTC_HUMAN,ACTC1,"Actin, alpha cardiac muscle 1",7.121371732,0.00000204441021,ACTC1_M46
ERMHVEHER,ERMHVEHER,ERM[649.3660]HVEHER,ERM[655.3735]HVEHER,,,6.754221941,,7.596935756,,sp|Q15424|SAFB1_HUMAN,Q15424,SAFB1_HUMAN,SAFB,Scaffold attachment factor B1,7.175578849,0.0373400481,SAFB_M674
AITGASLADIMAK,AITGASLADIMAK,AITGASLADIM[649.3660]AK,AITGASLADIM[655.3735]AK,5750003,7.106613736,7.010565666,,,7.440463804,sp|P83731|RL24_HUMAN,P83731,RL24_HUMAN,RPL24,Large ribosomal subunit protein eL24,7.185881069,0.0003285151334,RPL24_M91
AAQMHSGYQR,AAQMHSGYQR,AAQM[649.3660]HSGYQR,AAQM[655.3735]HSGYQR,2314374,7.164218328,,7.539121568,7.326025776,6.758723836,sp|Q96PK6|RBM14_HUMAN,Q96PK6,RBM14_HUMAN,RBM14,RNA-binding protein 14,7.197022377,0.00002654314417,RBM14_M661
YLMEEDEDAYKK,YLMEEDEDAYKK,YLM[649.3660]EEDEDAYKK,YLM[655.3735]EEDEDAYKK,,,,7.489498637,7.250142976,6.899689005,sp|P46777|RL5_HUMAN,P46777,RL5_HUMAN,RPL5,Large ribosomal subunit protein uL18,7.213110206,0.0005632957505,RPL5_M212
SMMSAYER,SM[15.9949]MSAYER,SM[15.9949]M[649.3660]SAYER,SM[15.9949]M[655.3735]SAYER,,,6.933643565,,,7.517035564,sp|P18583|SON_HUMAN,P18583,SON_HUMAN,SON,Protein SON,7.225339565,0.02568718757,
FKMPEMNIKAPK,FKMPEM[15.9949]NIKAPK,FKM[649.3660]PEM[15.9949]NIKAPK,FKM[655.3735]PEM[15.9949]NIKAPK,732931.56,7.710223975,6.803462967,,7.15793236,7.282230303,sp|Q09666|AHNK_HUMAN,Q09666,AHNK_HUMAN,AHNAK,Neuroblast differentiation-associated protein AHNAK,7.238462401,0.00003800805407,
LALDMEIHAYR,LALDMEIHAYR,LALDM[649.3660]EIHAYR,LALDM[655.3735]EIHAYR,1146905.6,5.949449778,7.567352673,8.331649436,7.167814722,,sp|P02545|LMNA_HUMAN,P02545,LMNA_HUMAN,LMNA,Prelamin-A/C,7.254066653,0.0006990736243,LMNA_M371
KKMEESK,KKMEESK,KKM[649.3660]EESK,KKM[655.3735]EESK,158511.36,7.38177845,7.478713095,,7.119647716,,sp|P08238|HS90B_HUMAN,P08238,HS90B_HUMAN,HSP90AB1,Heat shock protein HSP 90-beta,7.326713087,0.0002141988339,HSP90AB1_M553
THHEMK,THHEMK,THHEM[649.3660]K,THHEM[655.3735]K,,,,7.549906025,7.213380154,,sp|Q9NYF8|BCLF1_HUMAN,Q9NYF8,BCLF1_HUMAN,BCLAF1,Bcl-2-associated transcription factor 1,7.381643089,0.01450909548,BCLAF1_M783
QISRPSAAGINLMIGSTR,QISRPSAAGINLMIGSTR,QISRPSAAGINLM[649.3660]IGSTR,QISRPSAAGINLM[655.3735]IGSTR,,,,,7.79448379,7.116197037,sp|Q08211|DHX9_HUMAN,Q08211,DHX9_HUMAN,DHX9,ATP-dependent RNA helicase A,7.455340413,0.0289398773,DHX9_M1149
MEANKENR,MEANKENR,M[649.3660]EANKENR,M[655.3735]EANKENR,2597785.5,6.707426752,7.618163331,7.368488211,8.344897538,7.287272178,sp|P16949|STMN1_HUMAN,P16949,STMN1_HUMAN,STMN1,Stathmin,7.465249602,0.000009554961523,STMN1_M105
VLLTMIAR,VLLTMIAR,VLLTM[649.3660]IAR,VLLTM[655.3735]IAR,168637.97,7.884740202,,,7.046283565,,sp|O75396|SC22B_HUMAN,O75396,SC22B_HUMAN,SEC22B,Vesicle-trafficking protein SEC22b,7.465511884,0.0357120895,SEC22B_M6
KEAPPMEKPEVVK,KEAPPMEKPEVVK,KEAPPM[649.3660]EKPEVVK,KEAPPM[655.3735]EKPEVVK,4841707,7.611683484,7.132702732,7.449829998,7.783407142,7.368221886,sp|P62841|RS15_HUMAN,P62841,RS15_HUMAN,RPS15,Small ribosomal subunit protein uS19,7.469169049,0.0000002837764875,RPS15_M70
NGMVLKPHFHK,NGMVLKPHFHK,NGM[649.3660]VLKPHFHK,NGM[655.3735]VLKPHFHK,509474.5,8.110635118,7.099424064,,,,sp|P26373|RL13_HUMAN,P26373,RL13_HUMAN,RPL13,Large ribosomal subunit protein eL13,7.605029591,0.04226222813,RPL13_M8
NVIGLQMGTNR,NVIGLQMGTNR,NVIGLQM[649.3660]GTNR,NVIGLQM[655.3735]GTNR,3610140,7.426880241,7.708983235,7.700096453,7.840805963,7.725910193,sp|P37802|TAGL2_HUMAN,P37802,TAGL2_HUMAN,TAGLN2,Transgelin-2,7.680535217,0.00000003748507851,TAGLN2_M178
GSNMDFREPTEEER,GSNMDFREPTEEER,GSNM[649.3660]DFREPTEEER,GSNM[655.3735]DFREPTEEER,,,7.581313003,,7.989289506,,sp|Q15056|IF4H_HUMAN,Q15056,IF4H_HUMAN,EIF4H,Eukaryotic translation initiation factor 4H,7.785301254,0.01667671472,EIF4H_M195
ILMEHIHK,ILMEHIHK,ILM[649.3660]EHIHK,ILM[655.3735]EHIHK,,,,8.107738606,,7.709629222,sp|P84098|RL19_HUMAN,P84098,RL19_HUMAN,RPL19,Large ribosomal subunit protein eL19,7.908683914,0.01601978349,RPL19_M139
LIPQRVMDQHK,LIPQRVMDQHK,LIPQRVM[649.3660]DQHK,LIPQRVM[655.3735]DQHK,536039.1,7.698394268,,,8.183480917,,sp|P15311|EZRI_HUMAN,P15311,EZRI_HUMAN,EZR,Ezrin,7.940937593,0.01943849644,EZR_M158
FSMPGFK,FSMPGFK,FSM[649.3660]PGFK,FSM[655.3735]PGFK,3485137.8,8.044016834,,8.594780528,,,sp|Q09666|AHNK_HUMAN,Q09666,AHNK_HUMAN,AHNAK,Neuroblast differentiation-associated protein AHNAK,8.319398681,0.02106516923,
RGMDDDRGPR,RGMDDDRGPR,RGM[649.3660]DDDRGPR,RGM[655.3735]DDDRGPR,3583418.2,7.9038926,8.171361138,8.389572195,8.67514902,8.564387881,sp|Q14152|EIF3A_HUMAN,Q14152,EIF3A_HUMAN,EIF3A,Eukaryotic translation initiation factor 3 subunit A,8.340872567,0.0000004555751984,
VDIDAPDVDVHGPDWHLKMPK,VDIDAPDVDVHGPDWHLKMPK,VDIDAPDVDVHGPDWHLKM[649.3660]PK,VDIDAPDVDVHGPDWHLKM[655.3735]PK,,,8.236843103,8.628099842,,,sp|Q09666|AHNK_HUMAN,Q09666,AHNK_HUMAN,AHNAK,Neuroblast differentiation-associated protein AHNAK,8.432471472,0.01476655481,
EYRQMYR,EYRQMYR,EYRQM[649.3660]YR,EYRQM[655.3735]YR,,,,9.124327232,9.21237363,7.563471411,sp|P18124|RL7_HUMAN,P18124,RL7_HUMAN,RPL7,Large ribosomal subunit protein uL30,8.633390758,0.003826136526,RPL7_M64
LMDVGLIAIR,LMDVGLIAIR,LM[649.3660]DVGLIAIR,LM[655.3735]DVGLIAIR,423601.8,8.659434908,,8.895229029,8.353217106,,sp|P31948|STIP1_HUMAN,P31948,STIP1_HUMAN,STIP1,Stress-induced-phosphoprotein 1,8.635960348,0.0003299417107,STIP1_M535
HWPFMVVNDAGRPK,HWPFMVVNDAGRPK,HWPFM[649.3660]VVNDAGRPK,HWPFM[655.3735]VVNDAGRPK,877354.7,7.774907879,8.821907567,9.48257017,,8.929387279,sp|P11142|HSP7C_HUMAN,P11142,HSP7C_HUMAN,HSPA8,Heat shock cognate 71 kDa protein,8.752193224,0.0001481078019,HSPA8_M93
SGSMDPSGAHPSVR,SGSMDPSGAHPSVR,SGSM[649.3660]DPSGAHPSVR,SGSM[655.3735]DPSGAHPSVR,831407.1,9.290080456,8.773245473,8.012736031,9.211272371,,sp|Q07666|KHDR1_HUMAN,Q07666,KHDR1_HUMAN,KHDRBS1,"KH domain-containing, RNA-binding, signal transduction-associated protein 1",8.821833583,0.00008021238031,KHDRBS1_M21
ISMPDFDLHLKGPK,ISMPDFDLHLKGPK,ISM[649.3660]PDFDLHLKGPK,ISM[655.3735]PDFDLHLKGPK,,,,,8.750262707,9.232075985,sp|Q09666|AHNK_HUMAN,Q09666,AHNK_HUMAN,AHNAK,Neuroblast differentiation-associated protein AHNAK,8.991169346,0.0170533152,
TAMAAAK,TAMAAAK,TAM[649.3660]AAAK,TAM[655.3735]AAAK,675726.2,9.035666661,,,9.444678125,,sp|P83731|RL24_HUMAN,P83731,RL24_HUMAN,RPL24,Large ribosomal subunit protein eL24,9.240172393,0.014087523,RPL24_M127
VETGVLKPGMVVTFAPVNVTTEVK,VETGVLKPGMVVTFAPVNVTTEVK,VETGVLKPGM[649.3660]VVTFAPVNVTTEVK,VETGVLKPGM[655.3735]VVTFAPVNVTTEVK,578260,10.07493407,,9.966145618,,9.453065116,sp|P68104|EF1A1_HUMAN,P68104,EF1A1_HUMAN,EEF1A1,Elongation factor 1-alpha 1,9.8313816,0.000380173964,EEF1A1_M276
YPIEHGIITNWDDMEK,YPIEHGIITNWDDMEK,YPIEHGIITNWDDM[649.3660]EK,YPIEHGIITNWDDM[655.3735]EK,,,,,10.52128532,11.90989537,sp|P68032|ACTC_HUMAN,P68032,ACTC_HUMAN,ACTC1,"Actin, alpha cardiac muscle 1",11.21559035,0.03935994054,ACTC1_M84