,Protein ID,Complete Sequence
0,Q8C196,MTRILTACKVVKTLKSGFGFANVTTKRQWDFSRPGIRLLSVKAKTAHIVLEDGTKMKGYSFGHPSSVAGEVVFNTGLGGYPEALTDPAYKGQILTMANPIIGNGGAPDTTARDELGLNKYMESDGIKVAGLLVLNYSNDYNHWLATKSLGQWLQEEKVPAIYGVDTRMLTKIIRDKGTMLGKIEFEGQSVDFVDPNKQNLIAEVSTKDVKVFGKGNPTKVVAVDCGIKNNVIRLLVKRGAEVHLVPWNHDFTQMEYDGLLIAGGPGNPALAQPLIQNVKKILESDRKEPLFGISTGNIITGLAAGAKSYKMSMANRGQNQPVLNITNRQAFITAQNHGYALDNTLPAGWKPLFVNVNDQTNEGIMHESKPFFAVQFHPEVSPGPTDTEYLFDSFFSLIKKGKGTTITSVLPKPALVASRVEVSKVLILGSGGLSIGQAGEFDYSGSQAVKAMKEENVKTVLMNPNIASVQTNEVGLKQADAVYFLPITPQFVTEVIKAERPDGLILGMGGQTALNCGVELFKRGVLKEYGVKVLGTSVESIMATEDRQLFSDKLNEINEKIAPSFAVESMEDALKAADTIGYPVMIRSAYALGGLGSGICPNKETLIDLGTKAFAMTNQILVERSVTGWKEIEYEVVRDADDNCVTVCNMENVDAMGVHTGDSVVVAPAQTLSNAEFQMLRRTSVNVVRHLGIVGECNIQFALHPTSMEYCIIEVNARLSRSSALASKATGYPLAFIAAKIALGIPLPEIKNVVSGKTSACFEPSLDYMVTKIPRWDLDRFHGTSSRIGSSMKSVGEVMAIGRTFEESFQKALRMCHPSVDGFTPRLPMNKEWPANLDLKKELSEPSSTRIYAIAKALENNMSLDEIVRLTSIDKWFLYKMRDILNMDKTLKGLNSDSVTEETLRKAKEIGFSDKQISKCLGLTEAQTRELRLKKNIHPWVKQIDTLAAEYPSVTNYLYVTYNGQEHDIKFDEHGIMVLGCGPYHIGSSVEFDWCAVSSIRTLRQLGKKTVVVNCNPETVSTDFDECDKLYFEELSLERILDIYHQEACNGCIISVGGQIPNNLAVPLYKNGVKIMGTSPLQIDRAEDRSIFSAVLDELKVAQAPWKAVNTLNEALEFANSVGYPCLLRPSYVLSGSAMNVVFSEDEMKRFLEEATRVSQEHPVVLTKFVEGAREVEMDAVGKEGRVISHAISEHVEDAGVHSGDATLMLPTQTISQGAIEKVKDATRKIAKAFAISGPFNVQFLVKGNDVLVIECNLRASRSFPFVSKTLGVDFIDVATKVMIGESIDEKRLPTLEQPIIPSDYVAIKAPMFSWPRLRDADPILRCEMASTGEVACFGEGIHTAFLKAMLSTGFKIPQKGILIGIQQSFRPRFLGVAEQLHNEGFKLFATEATSDWLNANNVPATPVAWPSQEGQNPSLSSIRKLIRDGSIDLVINLPNNNTKFVHDNYVIRRTAVDSGIALLTNFQVTKLFAEAVQKSRTVDSKSLFHYRQYSAGKAA
1,Q07417,MAAALLARARGPLRRALGVRDWRRLHTVYQSVELPETHQMLRQTCRDFAEKELVPIAAQLDREHLFPTAQVKKMGELGLLAMDVPEELSGAGLDYLAYSIALEEISRACASTGVIMSVNNSLYLGPILKFGSAQQKQQWITPFTNGDKIGCFALSEPGNGSDAGAASTTAREEGDSWVLNGTKAWITNSWEASATVVFASTDRSRQNKGISAFLVPMPTPGLTLGKKEDKLGIRASSTANLIFEDCRIPKENLLGEPGMGFKIAMQTLDMGRIGIASQALGIAQASLDCAVKYAENRNAFGAPLTKLQNIQFKLADMALALESARLLTWRAAMLKDNKKPFTKESAMAKLAASEAATAISHQAIQILGGMGYVTEMPAERYYRDARITEIYEGTSEIQRLVIAGHLLRSYRS
2,Q91YI0,MASESGKLWGGRFVGAVDPIMEKFNSSISYDRHLWNVDVQGSKAYSRGLEKAGLLTKAEMQQILQGLDKVAEEWAQGTFKLHPNDEDIHTANERRLKELIGEAAGKLHTGRSRNDQVVTDLRLWMRQTCSKLSALLRVLIGTMVDRAEAERDVLFPGYTHLQRAQPIRWSHWILSHAVALTRDSERLLEVQKRINVLPLGSGAIAGNPLGVDRELLRAELNFGAITLNSMDATSERDFVAEFLFWASLCMTHLSRMAEDLILYGTKEFSFVQLSDAYSTGSSLMPQKKNPDSLELIRSKAGRVFGRCAGLLMTLKGLPSTYNKDLQEDKEAVFEVSDTMIAVLQVATGVISTLQIHRENMKQALSPDMLATDLAYYLVRKGMPFRQAHEASGKAVFMAETKGVALNLLSLQELQTISPLFSGDVSHVWDYSHSVEQYSALGGTAKSSVEWQIRQVRALLQAQEP
3,P50247,MSDKLPYKVADIGLAAWGRKALDIAENEMPGLMRMREMYSASKPLKGARIAGCLHMTVETAVLIETLVALGAEVRWSSCNIFSTQDHAAAAIAKAGIPVFAWKGETDEEYLWCIEQTLHFKDGPLNMILDDGGDLTNLIHTKYPQLLSGIRGISEETTTGVHNLYKMMSNGILKVPAINVNDSVTKSKFDNLYGCRESLIDGIKRATDVMIAGKVAVVAGYGDVGKGCAQALRGFGARVIITEIDPINALQAAMEGYEVTTMDEACKEGNIFVTTTGCVDIILGRHFEQMKDDAIVCNIGHFDVEIDVKWLNENAVEKVNIKPQVDRYWLKNGRRIILLAEGRLVNLGCAMGHPSFVMSNSFTNQVMAQIELWTHPDKYPVGVHFLPKKLDEAVAEAHLGKLNVKLTKLTEKQAQYLGMPINGPFKPDHYRY
4,P33267,MDGVSTAILLLLLAVISLSLTFSSRGKGQLPPGPKPLPILGNLLQLRSQDLLTSLTKLSKEYGSVFTVYLGSRPVIVLSGYQTVKEALVDKGEEFSGRGAYPVFFNFTRGNGIAFSDGERWKILRRFSVQILRNFGMGKRSIEERILEEGSFLLEVLRKMEGKPFDPVFILSRSVSNIICSVVFGSRFDYDDERLLTIIHFINDNFKIMSSPWGEMYNIFPSVLDWIPGPHKRLFRNFGGMKDLIARSVREHQDSLDPNSPRDFIDCFLTKMAQEKQDPLSHFNMDTLLMTTHNLLFGGTETVGTTLRHAFLILMKYPKVQARVQEEIDRVVGRSRMPTLEDRTSMPYTDAVIHEVQRFADVIPMNLPHRVTRDTPFRGFLIPKGTDVITLLNTVHYDSDQFKTPQEFNPEHFLDDNHSFKKSPAFMPFSAGRRLCLGEPLARMELFIYFTSILQNFTLQPLVDPEDIDLTPLSSGLGNLPRPFQLCMHIR
5,P97872,MAKKRIAVIGAGASGLTCIKCCLEEGLEPVCFERSGDIGGLWRFQEAPEEGRASIYQSVVINTSKEMMCFSDYPIPDHYPNYMHNSQVLEYFRMYAKEFDLLKYIQFKTTVCSVKKQPDFSTSGQWQVVTECEGKQQVDVFDGVLVCTGHHTDAHLPLESFPGIEKFKGKYFHSRDYKNPVEFTGKRVIVIGIGNSGGDLAVEISHTAKQVFLSTRRGAWILNRVGKHGYPIDLLLSSRIMYYLSRICGPSLKNNYMEKQMNQRFDHEMFGLKPKHRALSQHPTVNDDLPNRIIAGLVKVKGNVKEFTETAAVFEDGSREDGIDVVIFATGYSFAFPFLEDSVKVVKNKVSLYKKVFPPNLEKPTLAIIGLIQPLGAIMPISELQGRWATQVFKGLKKLPSQSEMMAEINKAREEMAKRYVDSQRHTIQGDYIDTMEEIADLVGVRPNILPLVFTDPRLALRLLLGPCTPVQYRLQGPGKWAGARKTILTTEDRVRKPLMTRVVERDSSGGSLVTVRVLMLAVAFFAVILAYF
6,Q9DBT9,MLRPGALRLRGLALRGSPRRPSSAGLREGQESPASPPEWKDRAETVIIGGGCVGVSLAYHLAKAGMRDVVLMEKSELTAGSTWHAAGLTTYFHPGINLKKIHYDSIKLYERLEEETGQVVGFHQPGSIRLATTPVRVDEFKYQMTRTNWHATEQYIIEPEKIHELFPLLNMNKILAGLYNPGDGHIDPYSLTMALAAGARKYGALLKYPAPVTSLKPRPDGTWDVETPQGSVRANRIVNAAGFWAREVGKMIGLDHPLIPVQHQYVVTSTIPEVKALKRELPVLRDLEGSYYLRQERDGLLFGPYESQEKMKLQASWVTHGVPPGFGKELFESDLDRISDHLEAAMEMIPVLKKADIINVVNGPITYSPDILPMVGPHQGVRNYWVATGFGYGIIHAGGVGKFLSDWILHGEPPFDLIELDPNRYGKWTTTQYTEAKARESYGFNNIVGYPKEERFAGRPTQRVSGLYKTLKSKCSMGFHAGWEQPHWFYKPGQDTQYRPSFRRTNWFEPVGSEYKQVMQRVGVIDLSPFGKFNIKGRDSTQLLDHLFANVIPKVGFTNISHMLTPRGRVYAELTVSQQSPGEFLLITGSGSELHDLRWIEEAAFRGGYDVEIQNITDEFGVLGVAGPYARRVLQKLTSEDLSDDAFKFLQTKSFNISDIPVTAIRISYTGELGWELYHRREDSATLYERIMSAGQEEGIGDFGTYALNALRLEKAFRAWGSEMNCDTNPLEAGLEYFVKLNKPADFIGKQALKQIKTEGLKRRLVCLTVATDDVDPEGNESIWYKGKVVGNTTSGSYSYSIQKSLAFAYVPVQLSEVGQQVEVELLGKNYPATIIQEPLVLTEPARARLQKDGKKTNLEKGPSRTTKL
7,P32020,MPSVALKSPRLRRVFVVGVGMTKFMKPGGENSRDYPDMAKEAGQKALEDAQIPYSAVEQACVGYVYGDSTSGQRAIYHSLGLTGIPIINVNNNCSTGSTALFMAHQLIQGGLANCVLALGFEKMERGSIGTKFSDRTTPTDKHIEVLIDKYGLSAHPITPQMFGYAGKEHMEKYGTKVEHFAKIGWKNHKHSVNNTYSQFQDEYSLEEVMKSKPVFDFLTILQCCPTSDGAAAAILSSEEFVQQYGLQSKAVEIVAQEMMTDLPSTFEEKSIIKVVGYDMSKEAARRCYEKSGLTPNDVDVIELHDCFSVNELITYEALGLCPEGQGGTLVDRGDNTYGGKWVINPSGGLISKGHPLGATGLAQCAELCWQLRGEAGKRQVPGAKVALQHNLGLGGAVVVTLYRMGFPEAASSFRTHQVSAAPTSSAGDGFKANLVFKEIEKKLEEEGEQFVKKIGGIFAFKVKDGPGGKEATWVVDVKNGKGSVLPNSDKKADCTITMADSDLLALMTGKMNPQSAFFQGKLKIAGNMGLAMKLQNLQLQPGKAKL
8,P50136,MSAAKIWRPSRGLRQAALLLLGRSGVRGLARSHPSRQQQQQFPSLDDKPQFPGASAEFVDKLEFIQPNVISGIPIYRVMDRQGQIINPSEDPHLPQEEVLKFYRSMTLLNTMDRILYESQREGRISFYMTNYGEEGTHVGSAAALERTDLVFGQYREAGVLMYRDYPLELFMSQCYGNVNDPGKGRQMPVHYGCKERHFVTISSPLATQIPQAVGAAYAAKRANANRIVICYFGEGAASEGDAHAGFNFAATLECPIIFFCRNNGYAISTPTSEQYRGDGIAARGPGYGIKSIRVDGNDVFAVYNATKEARRRAVAENQPFLIEAMTYRIGHHSTSDDSSAYRSVDEVNYWDKQDHPISRLRQYLLNQGWWDEEQEKAWRKQSRKKVMEAFEQAERKLKPNPSLLFSDVYQEMPAQLRRQQESLARHLQTYGEHYPLDHFEK
9,P26443,MYRRLGEALLLSRAGPAALGSAAADSAALLGWARGQPSAAPQPGLTPVARRHYSEAAADREDDPNFFKMVEGFFDRGASIVEDKLVEDLKTRESEEQKRNRVRGILRIIKPCNHVLSLSFPIRRDDGSWEVIEGYRAQHSQHRTPCKGGIRYSTDVSVDEVKALASLMTYKCAVVDVPFGGAKAGVKINPKNYTDNELEKITRRFTMELAKKGFIGPGIDVPAPDMSTGEREMSWIADTYASTIGHYDINAHACVTGKPISQGGIHGRISATGRGVFHGIENFINEASYMSILGMTPGFGDKTFVVQGFGNVGLHSMRYLHRFGAKCVGVGESDGSIWNPDGIDPKELEDFKLQHGSILGFPKAKVYEGSILEADCDILIPAASEKQLTKSNAPRVKAKIIAEGANGPTTPEADKIFLERNIMVIPDLYLNAGGVTVSYFEWLKNLNHVSYGRLTFKYERDSNYHLLMSVQESLERKFGKHGGTIPVVPTAEFQDRISGASEKDIVHSGLAYTMERSARQIMRTAMKYNLGLDLRTAAYVNAIEKVFKVYNEAGVTFT
10,Q91VS7,MADLRQLMDNEVLMAFTSYATIILTKMMFMSSATAFQRITNKVFANPEDCAGFGKGENAKKFVRTDEKVERVRRAHLNDLENIVPFLGIGLLYSLSGPDLSTALMHFRIFVGARIYHTIAYLTPLPQPNRGLAFFVGYGVTLSMAYRLLRSRLYL
11,Q920A5,MELSRRICLVRLWLLLLSFLLGFSAGSAIDWREPEGKEVWDYVTVRKDAHMFWWLYYATNPCKNFSELPLVMWLQGGPGGSSTGFGNFEEIGPLDTQLKPRNTTWLQWASLLFVDNPVGTGFSYVNTTDAYAKDLDTVASDMMVLLKSFFDCHKEFQTVPFYIFSESYGGKMAAGISVELYKAVQQGTIKCNFSGVALGDSWISPVDSVLSWGPYLYSMSLLDNQGLAEVSDIAEQVLDAVNKGFYKEATQLWGKAEMIIEKNTDGVNFYNILTKSSPEKAMESSLEFLRSPLVRLCQRHVRHLQGDALSQLMNGPIKKKLKIIPEDISWGAQASYVFLSMEGDFMKPAIDVVDKLLAAGVNVTVYNGQLDLIVDTIGQESWVQKLKWPQLSKFNQLKWKALYTDPKSSETAAFVKSYENLAFYWILKAGHMVPSDQGEMALKMMKLVTKQE
12,O55125,MAPRLCIISAAARRLFTKPRPRAGDLAAAGAVRFYSKDSEGSWFRSLFVHKVDPRKDAHSTLLSKKETSNLYKIQFHNVKPECLDAYNSLTEAVLPKLHLDEDYPCSLVGNWNTWYGEQDQAVHLWRFSGGYPALMDCMNKLKNNKEYLEFRKERSKMLLSRRNQLLLEFSFWNEPQPRAGPNIYELRTYKLKPGTMIEWGNNWARAIKYRQENQEAVGGFFSQIGELYVVHHLWAYKDLQSREETRNAAWRKRGWDENVYYTVPLVRHMESRIMIPLKISPLQ
13,Q05920,MLKFQTVRGGLRLLGVRRSSSAPVASPNVRRLEYKPIKKVMVANRGEIAIRVFRACTELGIRTVAVYSEQDTGQMHRQKADEAYLIGRGLAPVQAYLHIPDIIKVAKENGVDAVHPGYGFLSERADFAQACQDAGVRFIGPSPEVVRKMGDKVEARAIAIAAGVPVVPGTDSPISSLHEAHEFSNTFGFPIIFKAAYGGGGRGMRVVHSYEELEENYTRAYSEALAAFGNGALFVEKFIEKPRHIEVQILGDQYGNILHLYERDCSIQRRHQKVVEIAPATHLDPQLRSRLTSDSVKLAKQVGYENAGTVEFLVDKHGKHYFIEVNSRLQVEHTVTEEITDVDLVHAQIHVSEGRSLPDLGLRQENIRINGCAIQCRVTTEDPARSFQPDTGRIEVFRSGEGMGIRLDNASAFQGAVISPHYDSLLVKVIAHGKDHPTAATKMSRALAEFRVRGVKTNIPFLQNVLNNQQFLAGTVDTQFIDENPELFQLRPAQNRAQKLLHYLGHVMVNGPTTPIPVNVSPSPVDPAVPVVPIGPPPAGFRDILLREGPEGFARAVRNHQGLLLMDTTFRDAHQSLLATRVRTHDLKKIAPYVAHNFNKLFSMENWGGATFDVAMRFLYECPWRRLQELRELIPNIPFQMLLRGANAVGYTNYPDNVVFKFCEVAKENGMDVFRVFDSLNYLPNMLLGMEAAGSAGGVVEAAISYTGDVADPSRTKYSLEYYMGLAEELVRAGTHILCIKDMAGLLKPAACTMLVSSLRDRFPDLPLHIHTHDTSGAGVAAMLACAQAGADVVDVAVDSMSGMTSQPSMGALVACTKGTPLDTEVPLERVFDYSEYWEGARGLYAAFDCTATMKSGNSDVYENEIPGGQYTNLHFQAHSMGLGSKFKEVKKAYVEANQMLGDLIKVTPSSKIVGDLAQFMVQNGLSRAEAEAQAEELSFPRSVVEFLQGYIGIPHGGFPEPFRSKVLKDLPRIEGRPGASLPPLNLKELEKDLIDRHGEEVTPEDVLSAAMYPDVFAQFKDFTATFGPLDSLNTRLFLQGPKIAEEFEVELERGKTLHIKALAVSDLNRAGQRQVFFELNGQLRSILVKDTQAMKEMHFHPKALKDVKGQIGAPMPGKVIDIKVAAGDKVAKGQPLCVLSAMKMETVVTSPMEGTIRKVHVTKDMTLEGDDLILEIE
14,Q91VR2,MFSRASVVGLSACAVQPQWIQVRNMATLKDITRRLKSIKNIQKITKSMKMVAAAKYARAERELKPARVYGTGSLALYEKADIKAPEDKKKHLIIGVSSDRGLCGAIHSSVAKQMKNEVAALTAAGKEVMIVGVGEKIKGILYRTHSDQFLVSFKDVGRKPPTFGDASVIALELLNSGYEFDEGSIIFNQFKSVISYKTEEKPIFSLNTIATAETMSIYDDIDADVLQNYQEYNLANLIYYSLKESTTSEQSARMTAMDNASKNASDMIDKLTLTFNRTRQAVITKELIEIISGAAALD
15,P51881,MTDAAVSFAKDFLAGGVAAAISKTAVAPIERVKLLLQVQHASKQITADKQYKGIIDCVVRIPKEQGVLSFWRGNLANVIRYFPTQALNFAFKDKYKQIFLGGVDKRTQFWRYFAGNLASGGAAGATSLCFVYPLDFARTRLAADVGKAGAEREFKGLGDCLVKIYKSDGIKGLYQGFNVSVQGIIIYRAAYFGIYDTAKGMLPDPKNTHIFISWMIAQSVTAVAGLTSYPFDTVRRRMMMQSGRKGTDIMYTGTLDCWRKIARDEGSKAFFKGAWSNVLRGMGGAFVLVLYDEIKKYT
16,P56480,MLSLVGRVASASASGALRGLSPSAALPQAQLLLRAAPAGVHPARDYAAQASAAPKAGTATGRIVAVIGAVVDVQFDEGLPPILNALEVQGRDSRLVLEVAQHLGESTVRTIAMDGTEGLVRGQKVLDSGAPIKIPVGPETLGRIMNVIGEPIDERGPIKTKQFAPIHAEAPEFIEMSVEQEILVTGIKVVDLLAPYAKGGKIGLFGGAGVGKTVLIMELINNVAKAHGGYSVFAGVGERTREGNDLYHEMIESGVINLKDATSKVALVYGQMNEPPGARARVALTGLTVAEYFRDQEGQDVLLFIDNIFRFTQAGSEVSALLGRIPSAVGYQPTLATDMGTMQERITTTKKGSITSVQAIYVPADDLTDPAPATTFAHLDATTVLSRAIAELGIYPAVDPLDSTSRIMDPNIVGNEHYDVARGVQKILQDYKSLQDIIAILGMDELSEEDKLTVSRARKIQRFLSQPFQVAEVFTGHMGKLVPLKETIKGFQQILAGEYDHLPEQAFYMVGPIEEAVAKADKLAEEHGS
17,Q61425,MAFVTRQFLRSMSSSSSASAAAKKILIKHVTVIGGGLMGAGIAQVAAATGHTVVLVDQTEDILAKSKKGIEESLKRMAKKKFTENPKAGDEFVEKTLSCLSTSTDAASVVHSTDLVVEAIVENLKLKNELFQRLDKFAAEHTIFASNTSSLQITNIANATTRQDRFAGLHFFNPVPMMKLVEVIKTPMTSQKTFESLVDFCKTLGKHPVSCKDTPGFIVNRLLVPYLIEAVRLHERGDASKEDIDTAMKLGAGYPMGPFELLDYVGLDTTKFILDGWHEMEPENPLFQPSPSMNNLVAQKKLGKKTGEGFYKYK
18,P47962,MGFVKVVKNKAYFKRYQVRFRRRREGKTDYYARKRLVIQDKNKYNTPKYRMIVRVTNRDIICQIAYARIEGDMIVCAAYAHELPKYGVKVGLTNYAAAYCTGLLLARRLLNRFGMDKIYEGQVEVNGGEYNVESIDGQPGAFTCYLDAGLARTTTGNKVFGALKGAVDGGLSIPHSTKRFPGYDSESKEFNAEVHRKHIMGQNVADYMRYLMEEDEDAYKKQFSQYIKNNVTPDMMEEMYKKAHAAIRENPVYEKKPKREVKKKRWNRPKMSLAQKKDRVAQKKASFLRAQERAAES
19,P53395,MAAARVLRTWSQNAVRLTCVRYFQTFNSARVLKPKCVCSVGYPLFKYSQPRHSLRTAAVLQGQVVQFKLSDIGEGIREVTIKEWYVKEGDTVSQFDSICEVQSDKASVTITSRYDGVIKRLYYNLDDIAYVGKPLIDIETEALKDSEEDVVETPAVSHDEHTHQEIKGQKTLATPAVRRLAMENNIKLSEVVGSGKDGRILKEDILSFLEKQTGAILPPSPKSEITPPPPQPKDRTFPTPIAKPPVFTGKDRTEPVTGFQKAMVKTMSAALKIPHFGYCDEIDLTQLVKLREELKPVALARGIKLSFMPFFLKAASLGLLQFPILNASVDENCQNITYKASHNIGIAMDTELGLIVPNVKNVQVRSVFEIAMELNRLQKLGSSGQLGTTDLTGGTFTLSNIGSIGGTYAKPVILPPEVAIGALGAIKALPRFDQKGDVYKAQIMNVSWSADHRVIDGATMSRFSNLWKSYLENPAFMLLDLK
20,Q921G7,MLVRLTKLSCPAYHWFHALKIKKCLPLCAPRCSSTSAVPQITTHYTVHPREKDKRWEGVNMERFAEEADVVIVGAGPAGLSAAIRLKQLAAEQGKDIRVCLVEKAAQIGAHTLSGACLDPAAFKELFPDWKEKGAPLNTPVTEDRFAILTEKHRIPVPILPGLPMNNHGNYIVRLGHLVSWMGEQAEALGVEVYPGYAAAEVLYHEDGSVKGIATNDVGIQKDGAPKTTFERGLELHAKVTVFAEGCHGHLAKQLYKKFDLRASCDAQTYGIGLKELWIIDEKKWKPGRVDHTVGWPLDRHTYGGSFLYHLNEGEPLVAVGFVVGLDYQNPYLSPFREFQRWKHHPSIQPTLEGGKRIAYGARALNEGGLQSIPKLTFPGGLLIGCSPGFMNVPKIKGTHTAMKSGSLAAESIFKQLTSENLQSKTTGLHVTEYEDNLKQSWVWKELHAVRNIRPSCHGILGVYGGMIYTGIFYWILRGMEPWTLKHKGSDSDQLKPAKDCTPIEYPKPDGQISFDLLSSVALSGTNHEHDQPAHLTLKDDSIPVNRNLSIYDGPEQRFCPAGVYEFVPLEQGDGFRLQINAQNCVHCKTCDIKDPSQNINWVVPEGGGGPAYNGM
21,Q9CQR4,MSSMTQNLREVMKVMFKVPGFDRVLEKVTLVSAAPEKLICEMKVEEQHTNKLGTLHGGLTATLVDSISTMALMCTERGAPGVSVDMNITYMSPAKIGEEIVITAHILKQGKTLAFASVDLTNKTTGKLIAQGRHTKHLGN
22,P63017,MSKGPAVGIDLGTTYSCVGVFQHGKVEIIANDQGNRTTPSYVAFTDTERLIGDAAKNQVAMNPTNTVFDAKRLIGRRFDDAVVQSDMKHWPFMVVNDAGRPKVQVEYKGETKSFYPEEVSSMVLTKMKEIAEAYLGKTVTNAVVTVPAYFNDSQRQATKDAGTIAGLNVLRIINEPTAAAIAYGLDKKVGAERNVLIFDLGGGTFDVSILTIEDGIFEVKSTAGDTHLGGEDFDNRMVNHFIAEFKRKHKKDISENKRAVRRLRTACERAKRTLSSSTQASIEIDSLYEGIDFYTSITRARFEELNADLFRGTLDPVEKALRDAKLDKSQIHDIVLVGGSTRIPKIQKLLQDFFNGKELNKSINPDEAVAYGAAVQAAILSGDKSENVQDLLLLDVTPLSLGIETAGGVMTVLIKRNTTIPTKQTQTFTTYSDNQPGVLIQVYEGERAMTKDNNLLGKFELTGIPPAPRGVPQIEVTFDIDANGILNVSAVDKSTGKENKITITNDKGRLSKEDIERMVQEAEKYKAEDEKQRDKVSSKNSLESYAFNMKATVEDEKLQGKINDEDKQKILDKCNEIISWLDKNQTAEKEEFEHQQKELEKVCNPIITKLYQSAGGMPGGMPGGFPGGGAPPSGGASSGPTIEEVD
23,Q62425,MLRQILGQAKKHPSLIPLFVFIGAGGTGAALYVMRLALFNPDVSWDRKNNPEPWNKLGPNEQYKFYSVNVDYSKLKKEGPDF
24,P20029,MMKFTVVAAALLLLGAVRAEEEDKKEDVGTVVGIDLGTTYSCVGVFKNGRVEIIANDQGNRITPSYVAFTPEGERLIGDAAKNQLTSNPENTVFDAKRLIGRTWNDPSVQQDIKFLPFKVVEKKTKPYIQVDIGGGQTKTFAPEEISAMVLTKMKETAEAYLGKKVTHAVVTVPAYFNDAQRQATKDAGTIAGLNVMRIINEPTAAAIAYGLDKREGEKNILVFDLGGGTFDVSLLTIDNGVFEVVATNGDTHLGGEDFDQRVMEHFIKLYKKKTGKDVRKDNRAVQKLRREVEKAKRALSSQHQARIEIESFFEGEDFSETLTRAKFEELNMDLFRSTMKPVQKVLEDSDLKKSDIDEIVLVGGSTRIPKIQQLVKEFFNGKEPSRGINPDEAVAYGAAVQAGVLSGDQDTGDLVLLDVCPLTLGIETVGGVMTKLIPRNTVVPTKKSQIFSTASDNQPTVTIKVYEGERPLTKDNHLLGTFDLTGIPPAPRGVPQIEVTFEIDVNGILRVTAEDKGTGNKNKITITNDQNRLTPEEIERMVNDAEKFAEEDKKLKERIDTRNELESYAYSLKNQIGDKEKLGGKLSSEDKETMEKAVEEKIEWLESHQDADIEDFKAKKKELEEIVQPIISKLYGSGGPPPTGEEDTSEKDEL
25,O35423,MFRMLAKASVTLGSRAAGWVRTMGSYQLLVPPPEALSKPLSVPTRLLLGPGPSNLAPRVLAAGSLRMIGHMQKEMLQIMEEIKQGIQYVFQTRNPLTLVVSGSGHCAMETALFNLLEPGDSFLTGTNGIWGMRAAEIADRIGARVHQMIKKPGEHYTLQEVEEGLAQHKPVLLFLVHGESSTGVVQPLDGFGELCHRYQCLLLVDSVASLGGVPIYMDQQGIDIMYSSSQKVLNAPPGISLISFNDKAKYKVYSRKTKPVSFYTDITYLAKLWGCEGETRVIHHTTPVTSLYCLRESLALIAEQGLENCWRRHREATAHLHKHLQEMGLKFFVKDPEIRLPTITTVTVPAGYNWRDIVSYVLDHFSIEISGGLGPTEERVLRIGLLGYNATTENVDRVAEALREALQHCPKNKL
26,Q61102,MALLAIHSWRWAAAAVAFEKHKHSAVLTRALVSMCGSGPRWSSSQRGASGSARLSQTTESLRNTTQQRWGKDNSRQLLDATKALQTWPLIEKRTCWHGHAGGGLHTDPKEGLKDVDTRKIIKAMLSYVWPEDRPDLRARVAISLGFLGGAKAMNIVVPFMFKYAVDSLNQMSGNMLNLSDAPNTVATMATAVLIGYGVSRAGAAFFNEVRNAVFGKVAQNSIRRIAKNVFLHLHNLDLGFHLSRQTGALSKAIDRGTRGISFVLSALVFNLLPIVFEMMLVSSVLYYKCGAQFALVTLGTLGAYTAFTVAVTRWRTRFRIEMNKADNDAGNAAIDSLLNYETVKYFNNEKYEAQRYDGFLKTYETASLKSTSTLAMLNFGQNAIFSVGLTAIMVLASQGIVAGALTVGDLVMVNGLLFQLSLPLNFLGTVYRETRQALIDMNTLFTLLKVDTRIKDKVMAPPLQITPQTATVAFDNVHFEYIEGQKVLNGVSFEVPAGKKVAIVGGSGSGKSTIVRLLFRFYEPQKGSIYLAGQNLQDVSLESLRRAVGVVPQDAVLFHNTIYYNLLYGNINASPEEVYAVAKLAGLHDAILRMPHGYDTQVGERGLKLSGGEKQRVAIARAILKNPPVILYDEATSSLDSITEETILGAMRDVVKHRTSIFIAHRLSTVVDADEIIVLSQGKVAERGTHYGLLANSSSIYSEMWHTQSNRVQNQDSLGWDAKKESLSKEEERKKLQEEIVNSVKGCGNCSC
27,Q9WUR2,MAAVTWSRARCWCPSVLQVFRLQVAKLHLGRPTMRASQQDFENALNQVKLLKKDPGNEVKLRLYALYKQATEGPCNMPKPGMLDFVNKAKWDAWNALGSLPKETARQNYVDLVSSLSSSSEAPSQGKRGADEKARESKDILVTSEDGITKITFNRPTKKNAISFQMYRDIILALKNASTDNTVMAVFTGTGDYYCSGNDLTNFTSATGGIEEAASNGAVLLRDFVNSFIDFPKPLVAVVNGPAVGISVTLLGLFDAVFASDRATFHTPFSQLGQSPEACSSYTFPKMMGSAKAAEMLLFGKKLTAREAWAQGLVTEVFPESTFETEVWTRLKTYAKLPPNAMRISKELIRKNEKEKLYAVNAEECTTLQARWLSEECMNAIMSFVSRKPKL
28,Q9CQQ7,MLSRVVLSAAATAAPCLKNAAALGPGVLQATRAFHTGQPRLAPLPPLPEYGGKVRLGLIPEEFFQFLYPKTGVTGPYVLGTGLSLYFLSKEIYVITPETFSTISVVGLIVYVIKKYGASFGEFIDKLNEEKIAQLEEVKQSSMKQIQDAIDMEKAQQALVQKRHYLFDVQRNNIALALEVTYRERLHKAYKEVKNRLDYHISVQNMMRRKEEEHMIDWVEKHVVKSISVQQEKETIAKCIEDLKLLAKKAQAQPIM
29,P55096,MAAFSKYLTARNTSLAGAAFLLLCLLHKRRRALGLHGKKSGKPPLQNNEKEGKKERAVVDKVFLSRLSQILKIMVPRTFCKETGYLLLIAVMLVSRTYCDVWMIQNGTLIESGIIGRSSKDFKRYLFNFIAAMPLISLVNNFLKYGLNELKLCFRVRLTRYLYEEYLQAFTYYKMGNLDNRIANPDQLLTQDVEKFCNSVVDLYSNLSKPFLDIVLYIFKLTSAIGAQGPASMMAYLLVSGLFLTRLRRPIGKMTIMEQKYEGEYRYVNSRLITNSEEIAFYNGNKREKQTIHSVFRKLVEHLHNFIFFRFSMGFIDSIIAKYVATVVGYLVVSRPFLDLAHPRHLHSTHSELLEDYYQSGRMLLRMSQALGRIVLAGREMTRLAGFTARITELMQVLKDLNHGRYERTMVSQQEKGIEGAQASPLVPGAGEIINTDNIIKFDHVPLATPNGDILIQDLSFEVRSGANVLICGPNGCGKSSLFRVLGELWPLFGGRLTKPERGKLFYVPQRPYMTLGTLRDQVIYPDGKEDQKKRGISDQVLKEYLDNVQLGHILEREGGWDSVQDWMDVLSGGEKQRMAMARLFYHKPQFAILDECTSAVSVDVEDYIYSHCRKVGITLFTVSHRKSLWKHHEYYLHMDGRGNYEFKKITEDTVEFGS
30,P01942,MVLSGEDKSNIKAAWGKIGGHGAEYGAEALERMFASFPTTKTYFPHFDVSHGSAQVKGHGKKVADALASAAGHLDDLPGALSALSDLHAHKLRVDPVNFKLLSHCLLVTLASHHPADFTPAVHASLDKFLASVSTVLTSKYR
31,O35490,MAPVAGKKAKKGILERLNAGEVVIGDGGFVFALEKRGYVKAGPWTPEAAVEHPEAVRQLHREFLRAGSNVMQTFTFYASEDKLENRGNYVAEKISGQKVNEAACDIARQVADEGDALVAGGVSQTPSYLSCKSEVEVKKIFRQQLEVFMKKNVDFLIAEYFEHVEEAVWAVEALKASGKPVAATMCIGPEGDLHGVPPGECAVRLVKAGASIVGVNCHFDPSVSLQTVKLMKEGLEAARLKAYLMSQPLAYHTPDCGKQGFIDLPEFPFGLEPRVATRWDIQKYAREAYNLGVRYIGGCCGFEPYHIRAIAEELAPERGFLPPASEKHGSWGSGLDMHTKPWIRARARKEYWQNLRIASGRPYNPSMSRPDAWGVTKGAAELMQQKEATTEQQLRELFEKQKFKSAQ
32,P38647,MISASRAAAARLVGTAASRSPAAARPQDGWNGLSHEAFRFVSRRDYASEAIKGAVVGIDLGTTNSCVAVMEGKQAKVLENAEGARTTPSVVAFTADGERLVGMPAKRQAVTNPNNTFYATKRLIGRRYDDPEVQKDTKNVPFKIVRASNGDAWVEAHGKLYSPSQIGAFVLMKMKETAENYLGHTAKNAVITVPAYFNDSQRQATKDAGQISGLNVLRVINEPTAAALAYGLDKSEDKVIAVYDLGGGTFDISILEIQKGVFEVKSTNGDTFLGGEDFDQALLRHIVKEFKRETGVDLTKDNMALQRVREAAEKAKCELSSSVQTDINLPYLTMDASGPKHLNMKLTRAQFEGIVTDLIKRTIAPCQKAMQDAEVSKSDIGEVILVGGMTRMPKVQQTVQDLFGRAPSKAVNPDEAVAIGAAIQGGVLAGDVTDVLLLDVTPLSLGIETLGGVFTKLINRNTTIPTKKSQVFSTAADGQTQVEIKVCQGEREMAGDNKLLGQFTLIGIPPAPRGVPQIEVTFDIDANGIVHVSAKDKGTGREQQIVIQSSGGLSKDDIENMVKNAEKYAEEDRRKKERVEAVNMAEGIIHDTETKMEEFKDQLPADECNKLKEEISKMRALLAGKDSETGENIRQAASSLQQASLKLFEMAYKKMASEREGSGSSGTGEQKEDQKEEKQ
33,Q60991,MQGATTLDAASPGPLALLGLLFAATLLLSALFLLTRRTRRPREPPLIKGWLPYLGMALKFFKDPLTFLKTLQRQHGDTFTVFLVGKYITFVLNPFQYQYVTKNPKQLSFQKFSSRLSAKAFSVKKLLTDDDLNEDVHRAYLLLQGKPLDALLETMIQEVKELFESQLLKITDWNTERIFAFCGSLVFEITFATLYGKILAGNKKQIISELRDDFFKFDDMFPYLVSDIPIQLLRNEESMQKKIIKCLTSEKVAQMQGQSKIVQERQDLLKRYYRHDDPEIGAHHLGFLWASLANTIPAMFWAMYYILRHPEAMEALRDEIDSFLQSTGQKKGPGISVHFTREQLDSLVCLESTILEVLRLCSYSSIIREVQEDMNLSLESKSFSLRKGDFVALFPPLIHNDPEIFDAPKEFRFDRFIEDGKKKSTFFKGGKKLKTYVMPFGLGTSKCPGRYFAVNEMKLLLIMLLTYFDLEIIDRKPIGLNHSRMFLGIQHPDSAVSFRYKAKSWRS
34,Q9Z2I8,MASPVAIAAQAGKLLRERALRPLLAVRSQAGHLTPRRWLNLQEYQSKKLMSEHGVRVQRFFVANTAKEALEAAKRLNAKEIVLKAQILAGGRGKGVFNSGLKGGVHLTKDPKVVGELAQQMIGYNLATKQTPKEGVKVNKVMVAEALDISRETYLAILMDRSHNGPVIVGSPQGGVDIEEVAASSPELIFKEQIDIFEGIKDSQAQRMAENLGFLGSLKNQAADQITKLYHLFLKIDATQVEVNPFGETPEGQVVCFDAKINFDDNAEFRQKDIFAMDDKSENEPIENEAARYDLKYIGLDGNIACFVNGAGLAMATCDIIFLNGGKPANFLDLGGGVKEAQVYEAFKLLTSDPKVEAILVNIFGGIVNCAIIANGITKACRELELKVPLVVRLEGTNVQEAQNILKSSGLPITSAVDLEDAAKKAVASVAKK
35,Q9EQ20,MAAAVAAAAAMRSRILQVSSKVNATWYPASSFSSSSVPTVKLFIDGKFVESKSDKWIDIHNPATNEVVGRVPQSTKAEMDAAVESCKRAFPAWADTSILSRQQVLLRYQQLIKENLKEIARLITLEQGKTLADAEGDVFRGLQVVEHACSVTSLMLGETMPSITKDMDLYSYRLPLGVCAGIAPFNFPAMIPLWMFPMAMVCGNTFLMKPSERVPGATMLLAKLLQDSGAPDGTLNIIHGQHDAVNFICDHPDIKAISFVGSNQAGEYIFERGSRNGKRVQANMGAKNHGVVMPDANKENTLNQLVGAAFGAAGQRCMALSTAILVGEAKKWLPELVDRAKNLRVNAGDQPGADLGPLITPQAKERVCNLIDSGTKEGASILLDGRRIKVKGYENGNFVGPTIISNVKPSMTCYKEEIFGPVLVVLETETLDEAIKIVNDNPYGNGTAIFTTNGATARKYAHMVDVGQVGVNVPIPVPLPMFSFTGSRSSFRGDTNFYGKQGIQFYTQLKTITSQWKEEDATLSSPAVVMPTMGR
36,Q9Z1J3,MVGSVAGNMLLRAAWRRASLAATSLALGRSSVPTRGLRLRVVDHGPHSPVHSEAEAVLRPLYMDVQATTPLDPRVLDAMLPYLVNYYGNPHSRTHAYGWESEAAMERARQQVASLIGADPREIIFTSGATESNNIAIKGVARFYRSRKKHLVTTQTEHKCVLDSCRSLEAEGFRVTYLPVQKSGIIDLKELEAAIQPDTSLVSVMTVNNEIGVKQPIAEIGQICSSRKVYFHTDAAQAVGKIPLDVNDMKIDLMSISGHKLYGPKGVGAIYIRRRPRVRVEALQSGGGQERGMRSGTVPTPLVVGLGAACELAQQEMEYDHKRISKLAERLVQNIMKNLPDVVMNGDPKQHYPGCINLSFAYVEGESLLMALKDVALSSGSACTSASLEPSYVLRAIGTDEDLAHSSIRFGIGRFTTEEEVDYTAEKCIHHVKRLREMSPLWEMVQDGIDLKSIKWTQH
37,Q5U458,MATALSEEELDNEDYYSLLNVRREASSEELKAAYRRLCMLYHPDKHRDPELKSQAERLFNLVHQAYEVLSDPQTRAIYDIYGKRGLEMEGWEVVERKRTPAEIREEFERLQREREERRLQQRTNPKGTISVGVDATDLFDRYDEEYEDVSGSGFPQIEINKMHISQSIEAPLTATDTAILSGSLSTQNGNGGGSVNFALRRVTSAKGWGELEFGAGDLQGPLFGLKLFRNLTPRCFVTTNCALQFSSRGIRPGLTTVLARNLDKNTVGYLQWRWGIQSAMNTSIVRDTKTCHFTVALQLGIPHSFALISYQHKFQDDDQTRVKGSLKAGFFGTIVEYGAERKISRHSVLGAAVSIGVPQGVSLKVKLNRASQTYFFPIHLTDQLLPSAVFYATVGPLVVYLAVHRLIIRPYLRAQKEKELEKQRENTASDILQKKQEAEAAVRLMQESVRRIIEAEESRMGLIIVNAWYGKFVNDKSRKNEKVKVIDVTVPLQCLVKDSKLILTEASKAGLPGFYDPCVGEEKSLRVLYQFRGVLHQVMVPDSEALRIPKQSHRIDTDG
38,O35129,MAQNLKDLAGRLPAGPRGMGTALKLLLGAGAVAYGVRESVFTVEGGHRAIFFNRIGGVQQDTILAEGLHFRIPWFQYPIIYDIRARPRKISSPTGSKDLQMVNISLRVLSRPNAQELPSMYQRLGLDYEERVLPSIVNEVLKSVVAKFNASQLITQRAQVSLLIRRELTERAKDFSLILDDVAITELSFSREYTAAVEAKQVAQQEAQRAQFLVEKAKQEQRQKIVQAEGEAEAAKMLGEALSKNPGYIKLRKIRAAQNISKTIATSQNRIYLTADNLVLNLQDESFTRGSDSLIKGKK
39,Q99JY0,MTTILTSTFRNLSTTSKWALRSSIRPLSCSSQLHSAPAVQTKSKKTLAKPNMKNIVVVEGVRIPFLLSGTSYKDLMPHDLARAALSGLLHRTNIPKDVVDYIIFGTVIQEVKTSNVAREAALGAGFSDKTPAHTVTMACISSNQAMTTAVGLIASGQCDVVVAGGVELMSDVPIRHSRNMRKMMLDLNKAKTLGQRLSLLSKFRLNFLSPELPAVAEFSTNETMGHSADRLAAAFAVSRMEQDEYALRSHSLAKKAQDEGHLSDIVPFKVPGKDTVTKDNGIRPSSLEQMAKLKPAFIKPYGTVTAANSSFLTDGASAMLIMSEDRALAMGYKPKAYLRDFIYVSQDPKDQLLLGPTYATPKVLEKAGLTMNDIDAFEFHEAFSGQILANFKAMDSDWFAQNYMGRKTKVGSPPLEKFNIWGGSLSLGHPFGATGCRLVMAAANRLRKDGGQYALVAACAAGGQGHAMIVEAYPK
40,Q9WTP6,MAPNVLASEPEIPKGIRAVLLGPPGAGKGTQAPKLAENFCVCHLATGDMLRAMVASGSELGKKLKATMDAGKLVSDEMVVELIEKNLETPSCKNGFLLDGFPRTVRQAEMLDDLMEKRKEKLDSVIEFSIQDSLLIRRITGRLIHPKSGRSYHEEFNPPKEPMKDDITGEPLIRRSDDNEKALKTRLEAYHTQTTPLVEYYRKRGIHCAIDASQTPDIVFASILAAFSKATCKDLVMFI
41,Q99LC5,MFRAAAPGQLRRAASLLRFQSTLVIAEHANDSLAPITLNTITAAGRLGGEVSCLVAGTKCDKVVQDLCKVAGVAKVLVAQHDAYKGLLPEELTPLILETQKQFSYTHICAGASAFGKNLLPRVAAKLNVAPVSDIIEIKSPDTFVRTIYAGNALCTVKCDEKVKVFSVRGTSFEAAATSGGSASSEKAPSSSSVGISEWLDQKLTKSDRPELTGAKVVVSGGRGLKSGENFKLLYDLADQLHAAVGASRAAVDAGFVPNDMQVGQTGKIVAPELYIAVGISGAIQHLAGMKDSKTIVAINKDPEAPIFQVADYGIVADLFKVVPEMTEILKKK
42,P16460,MSSKGSVVLAYSGGLDTSCILVWLKEQGYDVIAYLANIGQKEDFEEARKKALKLGAKKVFIEDVSKEFVEEFIWPAVQSSALYEDRYLLGTSLARPCIARRQVEIAQREGAKYVSHGATGKGNDQVRFELTCYSLAPQIKVIAPWRMPEFYNRFKGRNDLMEYAKQHGIPIPVTPKSPWSMDENLMHISYEAGILENPKNQAPPGLYTKTQDPAKAPNSPDVLEIEFKKGVPVKVTNIKDGTTRTTSLELFMYLNEVAGKHGVGRIDIVENRFIGMKSRGIYETPAGTILYHAHLDIEAFTMDREVRKIKQGLGLKFAELVYTGFWHSPECEFVRHCIQKSQERVEGKVQVSVFKGQVYILGRESPLSLYNEELVSMNVQGDYEPIDATGFININSLRLKEYHRLQSKVTAK
43,Q9CZW5,MAASKPIEAAMAAAAAPGSGNGVGGGGGTAGPGSGAGTLPRWHVALAIGAPLLLGAGAMYLWSRRRRRREAGGRGDASGLKRNSERKTPEGRASPALGSGHHDGSGDSLEMSSLDRAQAAKNKGNKYFKAGKYEQAIQCYTEAISLCPTEKNVDLSTFYQNRAAAFEQLQKWKEVAQDCTKAVELNPKYVKALFRRAKAHEKLDNKKECLEDVTAVCILEGFQNEQSMLLADKVLKLLGKENAKEKYKNREPLMPSPQFIKSYFSSFTDDIISQPMLKGEKSDEDKDKEGEALEVKENSGYLKAKQYMEEENYDKIISECSKEIDAQGKYMAEALLLRATFYLLIGSANAAKPDLDKVISLKEANVKLRANALIKRGTMCMQQQQPMLSTQDFNMAAEIDPMNSDVYHHRGQLKILLDLVEEAVADFDACIRLRPKFALAQAQKCFALYRQAYTANNSSQVQAAMKGFEEIIKKFPRCAEGYALYAQALTDQQQFGKADEMYDKCIDLEPDNATTYVHKGLLQLQWKQDLDKGLELISKAIEIDNKCDFAYETMGTIEVQRGNMEKAIDMFNKAINLAKSEMEMAHLYSLCDAAHAQTEVAKKYGLKPPTL
44,P08226,MKALWAVLLVTLLTGCLAEGEPEVTDQLEWQSNQPWEQALNRFWDYLRWVQTLSDQVQEELQSSQVTQELTALMEDTMTEVKAYKKELEEQLGPVAEETRARLGKEVQAAQARLGADMEDLRNRLGQYRNEVHTMLGQSTEEIRARLSTHLRKMRKRLMRDAEDLQKRLAVYKAGAREGAERGVSAIRERLGPLVEQGRQRTANLGAGAAQPLRDRAQAFGDRIRGRLEEVGNQARDRLEEVREHMEEVRSKMEEQTQQIRLQAEIFQARLKGWFEPIVEDMHRQWANLMEKIQASVATNPIITPVAQENQ
45,Q03265,MLSVRVAAAVARALPRRAGLVSKNALGSSFVGARNLHASNTRLQKTGTAEMSSILEERILGADTSVDLEETGRVLSIGDGIARVHGLRNVQAEEMVEFSSGLKGMSLNLEPDNVGVVVFGNDKLIKEGDVVKRTGAIVDVPVGEELLGRVVDALGNAIDGKGPIGSKTRRRVGLKAPGIIPRISVREPMQTGIKAVDSLVPIGRGQRELIIGDRQTGKTSIAIDTIINQKRFNDGTDEKKKLYCIYVAIGQKRSTVAQLVKRLTDADAMKYTIVVSATASDAAPLQYLAPYSGCSMGEYFRDNGKHALIIYDDLSKQAVAYRQMSLLLRRPPGREAYPGDVFYLHSRLLERAAKMNDSFGGGSLTALPVIETQAGDVSAYIPTNVISITDGQIFLETELFYKGIRPAINVGLSVSRVGSAAQTRAMKQVAGTMKLELAQYREVAAFAQFGSDLDAATQQLLSRGVRLTELLKQGQYSPMAIEEQVAVIYAGVRGYLDKLEPSKITKFENAFLSHVISQHQSLLGNIRSDGKISEQSDAKLKEIVTNFLAGFEP
46,P63038,MLRLPTVLRQMRPVSRALAPHLTRAYAKDVKFGADARALMLQGVDLLADAVAVTMGPKGRTVIIEQSWGSPKVTKDGVTVAKSIDLKDKYKNIGAKLVQDVANNTNEEAGDGTTTATVLARSIAKEGFEKISKGANPVEIRRGVMLAVDAVIAELKKQSKPVTTPEEIAQVATISANGDKDIGNIISDAMKKVGRKGVITVKDGKTLNDELEIIEGMKFDRGYISPYFINTSKGQKCEFQDAYVLLSEKKISSVQSIVPALEIANAHRKPLVIIAEDVDGEALSTLVLNRLKVGLQVVAVKAPGFGDNRKNQLKDMAIATGGAVFGEEGLNLNLEDVQAHDLGKVGEVIVTKDDAMLLKGKGDKAHIEKRIQEITEQLDITTSEYEKEKLNERLAKLSDGVAVLKVGGTSDVEVNEKKDRVTDALNATRAAVEEGIVLGGGCALLRCIPALDSLKPANEDQKIGIEIIKRALKIPAMTIAKNAGVEGSLIVEKILQSSSEVGYDAMLGDFVNMVEKGIIDPTKVVRTALLDAAGVASLLTTAEAVVTEIPKEEKDPGMGAMGGMGGGMGGGMF
47,Q8CAQ8,MLRACQLSGVTVAAQSCLCGKFVLRPLRPCRRYSTSSSSGLTAGKIAGAGLLFVGGGIGGTILYAKWDSHFRESVEKTIPYSDKLFGMVLGSAPYTVPLPKKPVQSGPLKISSVSEVMKDSKLPVAQSQKTKGDTPASAASTGAAQIISAAGDTLSVPAPAVQHEDTIKTECPNTNEGKSTSETTEEAFSSSVRERPPEEVAARLAQQEKQEQVEMESLAKSLEDALNRTSSVTLQTITAQNAAVQAVKAHSNILKTAMDNSEIAGEKKSAQWRTVEGALKERRKAVDEAADALLKAKEELEKMKTIIEDAKKREIAGATPHITAAEGRLHNMIVDLDNVVKKVQAAQSEAKVVSQYHELVVQARDDFRKELDSITPDITPGWKGMSISDLAGKLSTDDLNSLIAHAHRRIDQLNRELAQQKATEKQHIELALEKHKLEEKRTFDSAVAKALEHHRSEIQAEQDRKVEEVRDAMENEMRTQLRRQAAAHTDHLRDVLKVQEQELKYEFEQGLSEKLSEQELEFRRRSQEQMDSFTLDINTAYARLRGIEQAVQSHAVAEEEARKAHQLWLSVEALKYSMKTSSAEMPTIPLGSAVEAIRVNCSDNEFTQALTAAIPPESLTRGVYSEETLRARFYAVQKLARRVAMIDETRNSLYQYFLSYLQSLLLFPPKQLKPPAELYPEDINTFKLLSYASYCIEHGDLELAAKFVNQLKGESRRVAQDWLKEARMTLETKQIVEILTAYASAVGIGTTQVQQE
48,O35386,MNLTRAGARLQVLLGHLGRPSAPTIVAQPVSGLASPASFQPEQFQYTLDNNVLTLEQRKFYEENGFLVIKNLVSDDDIQRFRAEFERICREEVKPPGIVIMRDVALAKQDYMPSDRMVSKIQDFQEDEELFRYCLLPEILKYVECFTGPNIMALHGMLINKPPDVGKKTSRHPLHQDLHYFPFRPSNLIVCAWTAMEHIDRNNGCLVVLPGTHKGTLKPHDYPKWEGGVNKMYHGIQDYDPNSPRVHLVMEKGDTVFFHPLLIHGSGRNKTQGFRKAISCHFGSSDCQCIDVSGTSQENIAREVVEMAEKKYGFQGVMDFKDTWIFRSRLVKGERINI
49,Q9Z2I0,MASILLRSCRGRGPARLAPPRAASPRGSLRDRACLSCTRTLGLTSRESVLSRCCTPAHPVYLCFKGEPLSCWTQRPECQGTAARTTWTPASARLVVTGPQYLPVRGWHSSSPLGEDSVIEKSLKSLKDKNKKLEEGGPVYSPPAQVVVRKSLGQKVLDELRHYYHGFRLLWIDTKIAARMLWRILNGHTLTRRERRQFLRICADLFRLVPFLVFVVVPFMEFLLPVVVKLFPNMLPSTFETQSIKEERLKKELRVKLELAKFLQDTIEEMALKNKAAKGNATKDFSAFFQKIRETGERPSNEEIMRFSKLFEDELTLDNLTRPQLVALCKLLELQSIGTNNFLRFQLTMRLRSIKADDKLISEEGVDSLTVKELQAACRARGMRALGVTEDRLKGQLKQWLDLHLHHEIPTSLLILSRAMYLPDTLSPADQLKSTLQTLPEIVAKEAQVKVAEVEGEKVDNKAKLEATLQEEAAIQQEHLEELKRASEAVKDIQPEVAEATLPGRPGPEPQPPVDDVILPSEVLTDTAPVLEGLKGEEITKEEIDILSDACSKLQEQKKSLTKEKEELELLKEDVQDYSEDLQEIKKELSKTGEEKYIEESAASKRLSKRVQQMIGQIDGLITQLETTQQDGKLGPSQSTPTGESVISITELISAMKQIKHIPEHKLISLTSALDDNKDGNINIDDLVKVIDLVNKEDVQISTTQVAEIVATLEKEEKIEEKEKAKEKAEKEAAEVKN
50,P54869,MQRLLAPARRVLQVKRAMQETSLTPAHLLSAAQQRFSTIPPAPLAKTDTWPKDVGILALEVYFPAQYVDQTDLEKFNNVEAGKYTVGLGQTRMGFCSVQEDINSLCLTVVQRLMERTKLPWDAVGRLEVGTETIIDKSKAVKTVLMELFQDSGNTDIEGIDTTNACYGGTASLFNAANWMESSYWDGRYALVVCGDIAVYPSGNARPTGGAGAVAMLIGPKAPLVLEQGLRGTHMENAYDFYKPNLASEYPLVDGKLSIQCYLRALDRCYAAYRKKIQNQWKQAGNNQPFTLDDVQYMIFHTPFCKMVQKSLARLMFNDFLSSSSDKQNNLYKGLEAFRGLKLEETYTNKDVDKALLKASLDMFNQKTKASLYLSTNNGNMYTSSLYGCLASLLSHHSAQELAGSRIGAFSYGSGLAASFFSFRVSKDASPGSPLEKLVSSVSDLPKRLDSRRRMSPEEFTEIMNQREQFYHKVNFSPPGDTSNLFPGTWYLERVDEMHRRKYARCPV
51,P97742,MAEAHQAVAFQFTVTPDGIDLRLSHEALKQICLSGLHSWKKKFIRFKNGIITGVFPASPSSWLIVVVGVISSMHTKVDPSLGMIAKINRTLDTTGRMSSQTKNIVSGVLFGTGLWVAIIMTMRYSLKVLLSYHGWMFAEHGKMSRSTRIWMAMVKVFSGRKPMLYSFQTSLPRLPVPAVKDTVSRYLESVRPLMKEGDFQRMTALAQDFAVNLGPKLQWYLKLKSWWATNYVSDWWEEYIYLRGRGPIMVNSNYYAMEMLYITPTHIQAARAGNTIHAILLYRRTVDREELKPIRLLGSTIPLCSAQWERLFNTSRIPGEETDTIQHVKDSRHIVVYHRGRYFKVWLYHDGRLLRPRELEQQMQQILDDTSEPQPGEAKLAALTAADRVPWAKCRQTYFARGKNKQSLDAVEKAAFFVTLDESEQGYREEDPEASIDSYAKSLLHGRCFDRWFDKSITFVVFKNSKIGINAEHSWADAPIVGHLWEYVMATDVFQLGYSEDGHCKGDKNPNIPKPTRLQWDIPGECQEVIETSLSSASFLANDVDLHSFPFDTFGKGLIKKCRTSPDAFIQLALQLAHYKDMGKFCLTYEASMTRLFREGRTETVRSCTTESCNFVLAMMDPTTTAEQRFKLFKIACEKHQHLYRLAMTGAGIDRHLFCLYVVSKYLAVDSPFLKEVLSEPWRLSTSQTPQQQVELFDFEKYPDYVSCGGGFGPVADDGYGVSYIIVGENFIHFHISSKFSSPETDSHRFGKHLRQAMMDIITLFGLTANSKK
52,Q9DCN1,MSSVKRNPKKEMISELHSSAAEGNVAKLAGILSHSPSLLNETSENGWTALMYAARNGHPDVVQFLLEKGCDRSLVNKARQTALDIAAFWGYRHIANLLANAKGGKKPWFLTNEVDECENYFSRTLLDRRSDKRNNSDWLQAKESHPTTVYLLFSDLNPLVTLGGNKESSQQPEVRLCQLNYPDVKGYLAQPEKITLVFLGVELEMRKGSPAQAGGVPEEEEDGLVAWFALGIEPGAAEEFKQRHENCYFLHPPMPALLQLKEKEAGVVAQARSVLAWHSRYKFCPTCGSATKIEEGGYKRVCVRETCPSLQGVHNTSYPRVDPVVIMQVIHPDGTKCLLGRQKRFPPGMFTCLAGFIEPGETIEDAVRREVEEESGVKVGHVQYVSCQPWPMPSSLMIGCLAVAVSTEIKVDKNEIEDARWFTREQVVDVLTKGKQQAFFVPPSRAIAHQLIKHWVGMNPNL
53,Q9WUM5,MTATVVAAAATATMVSSSSGLAAARLLSRTFLLQQNGIRHGSYTASRKHIYIDKNTKIICQGFTGKQGTFHSQQALEYGTKLVGGTTPGKGGQKHLGLPVFNTVKEAKEKTGATASVIYVPPPFAAAAINEAIDAEIPLVVCITEGIPQQDMVRVKHRLTRQGTTRLIGPNCPGVINPGECKIGIMPGHIHKKGRIGIVSRSGTLTYEAVHQTTQVGLGQSLCIGIGGDPFNGTDFIDCLEVFLNDPATEGIILIGEIGGHAEENAAAFLKEHNSGPKAKPVVSFIAGITAPPGRRMGHAGAIIAGGKGGAKEKISALQSAGVVVSMSPAQLGTTIYKEFEKRKML
54,P60710,MDDDIAALVVDNGSGMCKAGFAGDDAPRAVFPSIVGRPRHQGVMVGMGQKDSYVGDEAQSKRGILTLKYPIEHGIVTNWDDMEKIWHHTFYNELRVAPEEHPVLLTEAPLNPKANREKMTQIMFETFNTPAMYVAIQAVLSLYASGRTTGIVMDSGDGVTHTVPIYEGYALPHAILRLDLAGRDLTDYLMKILTERGYSFTTTAEREIVRDIKEKLCYVALDFEQEMATAASSSSLEKSYELPDGQVITIGNERFRCPEALFQPSFLGMESCGIHETTFNSIMKCDVDIRKDLYANTVLSGGTTMYPGIADRMQKEITALAPSTMKIKIIAPPERKYSVWIGGSILASLSTFQQMWISKQEYDESGPSIVHRKCF
55,P68033,MCDDEETTALVCDNGSGLVKAGFAGDDAPRAVFPSIVGRPRHQGVMVGMGQKDSYVGDEAQSKRGILTLKYPIEHGIITNWDDMEKIWHHTFYNELRVAPEEHPTLLTEAPLNPKANREKMTQIMFETFNVPAMYVAIQAVLSLYASGRTTGIVLDSGDGVTHNVPIYEGYALPHAIMRLDLAGRDLTDYLMKILTERGYSFVTTAEREIVRDIKEKLCYVALDFENEMATAASSSSLEKSYELPDGQVITIGNERFRCPETLFQPSFIGMESAGIHETTYNSIMKCDIDIRKDLYANNVLSGGTTMYPGIADRMQKEITALAPSTMKIKIIAPPERKYSVWIGGSILASLSTFQQMWISKQEYDEAGPSIVHRKCF
56,Q9CQ69,MGREFGNLARIRHVISYSLSPFEQRAFPSYFSKGIPNVLRRTRERILRVAPPFVVVYLIYTWGNQEFEQSKRKNPAMYENDK
57,Q9DBJ1,MAAYKLVLIRHGESAWNLENRFSGWYDADLSPAGHEEAKRGGQALRDAGYEFDICFTSVQKRAIRTLWTVLDAIDQMWLPVVRTWRLNERHYGGLTGLNKAETAAKHGEAQVKIWRRSYDVPPPPMEPDHPFYSNISKDRRYADLTEDQLPSCESLKDTIARALPFWNEEIVPQIKEGKRVLIAAHGNSLRGIVKHLEGLSEEAIMELNLPTGIPIVYELDKNLKPIKPMQFLGDEETVRKAMEAVAAQGKVKK
58,Q9CR62,MAATASPGAGRMDGKPRTSPKSVKFLFGGLAGMGATVFVQPLDLVKNRMQLSGEGAKTREYKTSFHALTSILKTEGLKGIYTGLSAGLLRQATYTTTRLGIYTVLFERLTGADGTPPGFLLKALIGMTAGATGAFVGTPAEVALIRMTADGRLPADQRRGYKNVFNALVRIAREEGVPTLWRGCIPTMARAVVVNAAQLASYSQSKQFLLDSGYFSDNILCHFCASMISGLVTTAASMPVDIVKTRIQNMRMIDGKPEYKNGLDVLLKVVRYEGFFSLWKGFTPYYARLGPHTVLTFIFLEQMNKAYKRLFLSG
59,P19783,MLASRALSLIGKRAISTSVCLRAHGSVVKSEDYAFPTYADRRDYPLPDVAHVTMLSASQKALKEKEKADWSSLSRDEKVQLYRIQFNESFAEMNRGTNEWKTVVGMAMFFIGFTALVLIWEKSYVYGPIPHTFDRDWVAMQTKRMLDMKANPIQGFSAKWDYDKNEWKK
60,Q8QZY2,MAAALQVLPCLLRAPSRPLLWGPPVARMTSGMALAEQARQLFDSAVGAVQPGPMLQRTLSLDPSGRQLKVRDRTFQLRENLYLVGFGKAVLGMAAAAEELLAQHLVQGVISVPKGIRAAMEHAGKKEMLLKPHSRVQVFEGAEDNLPDRDALRAALTIQQLAEGLTADDLLLVLISGGGSALLPAPIPPVTLEEKQMLTKLLAARGATIQELNTIRKALSQLKGGGLAQAAYPAQVISLILSDVIGDPLEVIASGPTVASAHSVQDCLHILNHYGLRAALPRSVKTVLSRADSDPHGPHTCGHVLNVIIGSNSLALAEAQRQAEVLGYHAMVLSTAMQGDVKRVARFYGLLARVAAAHLTPSLAERPLEEEAELHQLAAELQLPDLQLEEALEAVAKAKGPVCLLAGGEPTVQLQGSGKGGRNQELALHVGVELGRQPLGPIDVLFLSGGTDGQDGPTKVAGAWVMSDLISQASAESLDIATSLTNNDSYTFFCRFRGGTHLLHTGLTGTNVMDVHLLILHPQ
61,O70579,MASVLSYESLVHAVAGAVGSVTAMTVFFPLDTARLRLQVDEKRKSKTTHAVLLEIIKEEGLLAPYRGWFPVISSLCCSNFVYFYTFNSLKAVWVKGQRSSTGKDLVVGFVAGVVNVLLTTPLWVVNTRLKLQGAKFRNEDIIPTNYKGIIDAFHQIIRDEGILALWNGTFPSLLLVFNPAIQFMFYEGLKRQLLKKRMKLSSLDVFIIGAIAKAIATTVTYPMQTVQSILRFGRHRLNPENRTLGSLRNVLSLLHQRVKRFGIMGLYKGLEAKLLQTVLTAALMFLVYEKLTAATFTVMGLKSTHKH
62,Q9CQN1,MACELRAVLLWGRGLQTVLRAPALAGVRRGKPVLHLQKTTVQFRGPTQSLASGISAGQLYSTQAAEDKEEESLHSIISNTEAVRGSVSKHEFQAETKKLLDIVARSLYSEKEVFIRELISNASDALEKLRHKLVCEGQVLPEMEIHLQTDAKKGTITIQDTGIGMTQEELVSNLGTIARSGSKAFLEALQNQAETSSKIIGQFGVGFYSAFMVADKVEVYSRSAAPESPGYQWLSDGSGVFEIAEASGVRPGTKIIIHLKSDCKDFASESRVQDVVTKYSNFVSFPLYLNGKRINTLQAIWMMDPKDISEFQHEEFYRYIAQAYDKPRFTLHYKTDAPLNIRSIFYVPEMKPSMFDVSRELGSSVALYSRKVLIQTKAADILPKWLRFIRGVVDSEDIPLNLSRELLQESALIRKLRDVLQQRLIKFFIDQSKKDAEKYAKFFEDYGLFMREGIVTTAEQDIKEDIAKLLRYESSALPAGQLTSLPDYASRMQAGTRNIYYLCAPNRHLAEHSPYYEAMKQKHTEVLFCYEQFDELTLLHLREFDKKKLISVETDIVVDHYKEEKFEDTSPADERLSEKETEDLMAWMRNALGSRVTNVKVTFRLDTHPAMVTVLEMGAARHFLRMQQLAKTQEERAQLLQPTLEINPRHTLIKKLCQLRESEPELAQLLVDQIYENAMIAAGLVDDPRAMVGRLNDLLVKVLEKH
63,Q8BH95,MAALRALLPRACSSLLSSVRCPELRRFASGANFQYIITEKKGKNSSVGLIQLNRPKALNALCNGLIEELNQALETFEQDPAVGAIVLTGGDKAFAAGADIKEMQNRTFQDCYSSKFLSHWDHITRVKKPVIAAVNGYALGGGCELAMMCDIIYAGEKAQFGQPEILLGTIPGAGGTQRLTRAVGKSLAMEMVLTGDRISAQDAKQAGLVSKIFPVEKLVEEAIQCAEKIASNSKIVVAMAKESVNAAFEMTLTEGNKLEKRLFYSTFATDDRREGMTAFVEKRKANFKDH
64,P51660,MASPLRFDGRVVLVTGAGGGLGRAYALAFAERGALVIVNDLGGDFKGIGKGSSAADKVVAEIRRKGGKAVANYDSVEAGEKLVKTALDTFGRIDVVVNNAGILRDRSFSRISDEDWDIIHRVHLRGSFQVTRAAWDHMKKQNYGRILMTSSASGIYGNFGQANYSAAKLGILGLCNTLAIEGRKNNIHCNTIAPNAGSRMTETVLPEDLVEALKPEYVAPLVLWLCHESCEENGGLFEVGAGWIGKLRWERTLGAIVRKRNQPMTPEAVRDNWEKICDFSNASKPQTIQESTGGIVEVLHKVDSEGISPNRTSHAAPAATSGFVGAVGHKLPSFSSSYTELQSIMYALGVGASVKNPKDLKFVYEGSADFSCLPTFGVIVAQKSMMNGGLAEVPGLSFNFAKALHGEQYLELYKPLPRSGELKCEAVIADILDKGSGVVIVMDVYSYSGKELICYNQFSVFVVGSGGFGGKRTSEKLKAAVAVPNRPPDAVLRDATSLNQAALYRLSGDWNPLHIDPDFASVAGFEKPILHGLCTFGFSARHVLQQFADNDVSRFKAIKVRFAKPVYPGQTLQTEMWKEGNRIHFQTKVHETGDVVISNAYVDLVPASGVSTQTPSEGGELQSALVFGEIGRRLKSVGREVVKKANAVFEWHITKGGTVAAKWTIDLKSGSGEVYQGPAKGSADVTIIISDEDFMEVVFGKLDPQKAFFSGRLKARGNIMLSQKLQMILKDYAKL
65,Q8BGY7,MQWNVPRTMSRLALRTFVEAQKARLFDHHWRIKGPLLVHRGEYRVAWTPHLRKQWLHLSAVQCLAKQRNLLDAQPPQLGTLRQERWEQDILSKRVLSSSSTSQETPSEKKEETDPLQDKSISLYQRFKKTFRQYGKVLIPVHLITSGIWFGTFYYATIKGVNVIPFLEVIGLPDSIVDILKNSQSGNALTAYAMFKIATPARYTVTLGGTSFTVKYLRSHGYMSTPPPVKEYLQGRMEETKELITEKMEETKDRLTEKLQETKGKVSFKKKVE
66,Q8CC88,MQSRLLLLGAPGGLGDVASRRVRLLLRQVLRGRPGGDQQRLEVRLLHSGATDSGETVSIGDVSYKLKTPKNPELVPQNYISDSPAQSIVQHLRWLMQKDLLGQDVFLIGPPGPLRRSVAMQYLELTKREVEYIALSRDTTETDLKQRREIRAGTAFYIDQCAVRAATEGRTLVLEGLEKAERNVLPVLNNLLENREMQLEDGRFLMSAERYDKLLQDHTKEELDAWKIVRVSENFRVIALGLPVPRYSGNPLDPPLRSRFQARDIYFLPFQDQLKLLYSVGANVSAEKISQLLSFATTLCSQESSTLGLPDFPLDSLPEAVQILDSFPMMSIEHALQWVYPYTLLLGHEGKMAVEGVLKRFELQGSGHSLLPKEIVRVERMTDSHGSYAHVTIRVAGKEVTIKVPAGTRAVNQPCAPDHFIQTVSHKQLLAEMVQSHMVKDICLIGGKGCGKTVIAKNFAALLGYSIEPIMLYQDMTARDLLQQRYTLPNGDTAWRSSPLVSAAREGKLVLLDGIHRVNAGTLAVLQRLIHDRELSLYDGSRLLREDRYLSLKEKLQLTDEQLQNRSIFPIHPSFRIIALAEPPIVGSTTQQWLGPEFLTMFFFHHMKPLVKSEEIQVIKETVPNVPQEALEKLLSVTHKLRETQDPTAQSLAASLSTRQLLRISRRLSKYPSENLHDAITKACLSRFLPSLAQSALEKNLADAAIETNTEDSLEPELENYKCEVVAGSLKIGAVSVPVHNAHEKMKVPDVLFYDNVQHMVVMEDMLKDFVLGEHLLLVGNQGVGKNKIVDRFLHLLNRPREYIQLHRDTTVQSLTLQPTVKGGLIVYEDSPLVKAVKLGHILVVDEADKAPTNVTCILKTLVENGEMILADGRRIVADAANVDGRENLVAIHPDFRMLALANRPGFPFLGNDFFGTLGDIFSCHAIDNPKPHSELSMLKQYGPDVPEPVLQKLVAAFGELRNLADQGIINYPYSTREVVNIVKHLQKFPTEGLSSVVRNVFDFDSYNNDMREILMNTLHKYGIPIGAKPTNVQLAKEFPLPEKTFMGYWIVGQTGNGMQKVLCPAETNHVDIKGPVLVNMEKYPIEKHEARFLSFTEECTSWKFPLDEVNLICDIAVSHENGEQTLYVAACNPVSLYFMNMTGKNGFFVDFFDIFPRMASGSWRPFVTVAPLGSPLRGQVVLHEEQSNAVLLLDTTGSAIRRLVLPTEEFTSKKSSWWSKEEGETYRMCKEFSHKNWVVFYKQTGNSLTVLDVLEGLAHTISLPINLRTVFLVAEDKWLLVENETNQKYLLTKPAHIGSEDTGACQLYMLKEELPSTGFGVTQETEFCIPDKVSSDQLSSENLTSAVGQKIASPNRILSDENSHATIVVGFPDLMSPSEVYSWKRSSSLRQPSVTSMTMYTGKRTNATPRHNNCVTLTHTNQVVRILPPGEVPLKDLYPKDVTPPQTAGYIEVTDLQAKKLRYIPVPSAESLSPYTAWISAISDTDALLAEWDKSSVVTVDMGGRVRLWETGLERLQQSLMEWRNMIGQDSDKHVQITIERDSNEDVSDPKHGKEDPDNMPHVGGNTWAGGTGGRDTAGLGGKGGPYRLDAGHPVYQVSEVEKDAVPEDVKRAAREMAQKAFQQRLKEIQMSEYDAATYERFSSAVQRQVHALRIILDNLQAKGKERQWLRHQATGELDDAKIIDGLAGEKSIYKRRGDLEPQLGSPQQKPKRLRLVVDVSGSMYRFNGVDRRLERSMEAVCMVMEAFENYEEKFKYDIAGHSGDGYNIKLVPVNQIPKNNKQRLEILKTMHEHSQFCMSGDHTLEGTEHAIKDITTEEADEYFVIILSDANLSRYGINPARFAQILTSDPQVNAFAIFIGSLGDQAARLQRTLPAGRSFIAMDTKKIPQILQQIFTSTMLSSI
67,Q9CRB9,MGGTASTRRVTFEADENENITVVKGIRLSENVIDRMKESSPSGSKSQRYSSVYGASVSDEDLKRRVAEELALEQAKKESEHQRRLKQARDLERERAAANEQLTRAVLRERISSEEERMKAKHLARQLEEKDRVMRKQDAFYKEQLARLEERSSEFYKVTTEEYQKAAEEVEAKFKRYEYHPVCADLQTKILQCYRQNTQQTLSCSALASQYMHCVNHAKQSMLEKGG
68,Q9Z0X1,MFRCGGLAGAFKQKLVPLVRTVYVQRPKQRNRLPGNLFQQWRVPLELQMARQMASSGSSGGKMDNSVLVLIVGLSTIGAGAYAYKTIKEDQKRYNERVMGLGLSPEEKQRRAIASATEGGSVPQIRAPSHVPFLLIGGGTAAFAAARSIRARDPGARVLIVSEDPELPYMRPPLSKELWFSDDPNVTKTLQFRQWNGKERSIYFQPPSFYVSAQDLPNIENGGVAVLTGKKVVHLDVRGNMVKLNDGSQITFEKCLIATGGTPRSLSAIDRAGAEVKSRTTLFRKIGDFRALEKISREVKSITVIGGGFLGSELACALGRKSQASGIEVIQLFPEKGNMGKILPQYLSNWTMEKVKREGVKVMPNAIVQSVGVSGGRLLIKLKDGRKVETDHIVTAVGLEPNVELAKTGGLEIDSDFGGFRVNAELQARSNIWVAGDAACFYDIKLGRRRVEHHDHAVVSGRLAGENMTGAAKPYWHQSMFWSDLGPDVGYEAIGLVDSSLPTVGVFAKATAQDNPKSATEQSGTGIRSESETESEASEITIPPSAPAVPQVPVEGEDYGKGVIFYLRDKVVVGIVLWNVFNRMPIARKIIKDGEQHEDLNEVAKLFNIHED
69,Q9QXD1,MGNPGDRVSLGETWSREVHPDIDSERHSPSFSVERLTNILDGGIPNTELRRRVESLIQRDPVFNLKHLYFMTRDELYEDAVQKRFHLEKLAWSLGWSEDGPERIYADRVLAGYNNLNLHGIAMNAIRSLGSDEQIAKWGQLGKNFQIITTYAQTELGHGTYLQGLETEATYDATTQEFVIHSPTMTSIKWWPGDLGRTVTHAVVLAHLICLGARHGMHAFIVPIRSLEDHTPLPGITVGDIGPKMGFENIDNGFLRLNHVRVPRENMLSRFAEVLPDGTYQRLGTPQSNYLGMLVTRVQLLYKGFLPTLQKACTIAVRYAVIRHQSRLRPSDPEAKILEYQTQQQKLLPQLAVSYALHFMTTSLLQFFHSSYSDILKRDFSLLPELHALSTGMKAMSSDFCAQGTEICRRACGGHGYSKLSGLPTLVTQAIASCTYEGENTVLYLQVARFLMKSYLQAQVSPGSIPQKPLPQSVMYLATPRPARCPAQTAADFRCPEVYTTAWAYVSARLIRDATQHTQTLMRSGVDQYDAWNQTSVIHLQAAKAHCYFLTVRNFKEAVEKLDNEPEIQRVLQNLCDLYALNGILTNSGDFLHDGFLSGAQVDMARTAFLDLLPLIRKDAILLTDAFDFSDHCLNSALGCYDGHVYQRLFEWAQKSPANTQENPAYKKYIRPLMQSWKPKL
70,Q2TPA8,MLPNTGKLAGCTVFITGASRGIGKAIALKAAKDGANIVIAAKTTQKHPKLLGTIYTAAEEIEAAGGTALPCVVDVRDEQQINSAVEKAVEKFGGIDILVNNASAISLTNTLDTPTKRVDLMMNVNTRGTYLTSKACIPFLKKSKVGHILNLSPPLNLNPLWFKQHCAYTIAKYGMSMCVLGMAEEFRGEIAVNALWPRTAIHTAAMDMLGGSGVENQCRKVDIIADAAYSIFKRPKSFTGNFIIDENILKEEGIKNFDVYAIAPGHPLLPDFFLDEHPDAVMEEKESNDSVPEVKEEKLQLQEESQLQKQPQLQEQPQLQEKPQLQEKPQLQEQPQLQEKPQLQEQPQQREQPQLQQQPRPRQQPQPFVQSMLPQKPHFGAVEETFRIVKDSLSDEVVRATQAVYQFELSGEDGGTWFLDLKSKGGKVGHGEPSDRADVVMSMATDDFVKMFSGKLKPTMAFMSGKLKIKGNIALAIKLEKLMTQMNSRL
71,P24270,MSDSRDPASDQMKQWKEQRASQRPDVLTTGGGNPIGDKLNIMTAGSRGPLLVQDVVFTDEMAHFDRERIPERVVHAKGAGAFGYFEVTHDITRYSKAKVFEHIGKRTPIAVRFSTVTGESGSADTVRDPRGFAVKFYTEDGNWDLVGNNTPIFFIRDAILFPSFIHSQKRNPQTHLKDPDMVWDFWSLRPESLHQVSFLFSDRGIPDGHRHMNGYGSHTFKLVNADGEAVYCKFHYKTDQGIKNLPVGEAGRLAQEDPDYGLRDLFNAIANGNYPSWTFYIQVMTFKEAETFPFNPFDLTKVWPHKDYPLIPVGKLVLNKNPVNYFAEVEQMAFDPSNMPPGIEPSPDKMLQGRLFAYPDTHRHRLGPNYLQIPVNCPYRARVANYQRDGPMCMHDNQGGAPNYYPNSFSAPEQQRSALEHSVQCAVDVKRFNSANEDNVTQVRTFYTKVLNEEERKRLCENIAGHLKDAQLFIQKKAVKNFTDVHPDYGARIQALLDKYNAEKPKNAIHTYTQAGSHMAAKGKANL
72,Q9CPQ8,MAKFIRNFAEKAPSMVAAAVTYSKPRLATFWHYAKVELVPPTPAEIPTAIQSVKKIIQSAKTGSFKHLTVKEAVLNGLVATEVWMWFYIGEIIGKRGIVGYDV
73,Q80XN0,MLAARLSRPLSQLPGKALSVRDRENGTRHTLLFYPASFSPDTRRTYASQADAASGKAILITGCDSGFGFSLAKHLHSKGFLVFAGCLMKDKGDAGVKELDSLKSDRLRTIQLNVCNSEEVEKAVETIRSGLKDPEKGMWGLVNNAGISTFGEVEFTSMETYKEVAEVNLWGTVRTTKSFLPLLRRAKGRVVNISSMLGRMANPARSPYCITKFGIEAFSDCLRYEMHPLGVKVSVVEPGNFIAATSLYSPERIQAIAKKMWDDLPEVVRKDYGRKYFDEKIAKMETYCNSGSTDTSSVINAVTHALTAATPYTRYHPMDYYWWLRMQIMTHFPGAISDKIYIH
74,Q925I1,MSWLFGIKGPKGEGTGPPLPLPPAQPGAEGGGDRGAGDRPSPKDKWSNFDPTGLERAAKAARELEHSRHAKEALSLAQMQEQTLQLEQQSKLKEYEAAVEQLKSEQIRVQAEERRKTLTEETRQHQARAQYQDKLARQRYEDQLKQQQLLNEENLRKQEESVQKQEAIRRATVEREMELRHKNEMLRVEAEARARAKADRENADIIREQIRLKAAEHRQTILESIRTAGTLLGEGFRAFVTDWDKVTATVAGLTLLAVGVYSAKNATSVAGRYIEARLGKPSLVRETSRISVLEALRHPIQVSRRLVSRPQDALEGVILSPSLEARVRDIAIATRNTKKNKSLYRNVLMYGPPGTGKTLFAKKLALHSGMDYAIMTGGDVAPMGREGVTAMHKVFDWASTSRRGLLLFVDEADAFLRKRATEKISEDLRATLNAFLHRTGQHSSKFMLVLASNQPEQFDWAINDRIDEMVCFALPQREERERLVRMYFDKYVLKPATEGKQRLKVAQFDYGKKCSEVAQLTEGMSGREIAQLAVAWQAMAYSSEDGVLTEAMMDARVQDAVQQHQQKMQWLKVERPDSQTNKPPHPSLLSC
75,Q8CIM7,MGLLVGDDLWAVVIFTAIFLLLVDLVHRRQRWTACYPPGPVPFPGLGNLLQVDFENIPYSFYKLQNRYGNVFSLQMAWKPVVVVNGLKAVRELLVTYGEDTSDRPLMPIYNHIGYGHKSKGVILAPYGPEWREQRRFSVSTLRDFGLGKKSLEQWVTEEAGHLCDAFTKEAEHPFNPSPLLSKAVSNVIASLIYARRFEYEDPFFNRMLKTLKESLGEDTGFVGEVLNAIPMLLHIPGLPDKAFPKLNSFIALVNKMLIEHDLTWDPAQPPRDLTDAFLAEVEKAKGNPESSFNDKNLRIVVIDLFMAGMVTTSTTLSWALLLMILHPDVQRRVHQEIDEVIGHVRHPEMADQARMPYTNAVIHEVQRFADIVPTNLPHMTSRDIKFQDFFIPKGTTLIPNLSSVLKDETVWEKPLRFYPEHFLDAQGHFVKHEAFMPFSAGRRSCLGEPLARMELFLFFTCLLQRFSFSVPDGQPRPSDYGIYTMPVTPEPYQLCAVAR
76,Q9Z1P6,MASATRVIQKLRNWASGQDLQAKLQLRYQEIAKRTQPPPKLPVGPSHKLSNNYYCTRDGRREVVPPSIIMSSQKALVSGKAAESSAMAATEKKAVTPAPPMKRWELSKDQPYL
77,Q8VC30,MSSKKMVNSVEGCADDALAGLVASNPDLQLLQGHRVALRSDLDTLKGRVALLSGGGSGHEPAHAGFIGKGMLTGVIAGSVFASPPVGSILAAIRAVAQAGTVGTLLIVKNYTGDRLNFGLAMEQAKAEGISVEMVIVEDDSAFTVLKKAGRRGLCGTVLIHKVAGALAEEGMGLEEITKRVSVIAKTMGTLGVSLSSCSVPGATHTFELAADEIELGLGIHGEAGVRRIKIAPVDQIVTLMLDHMTNTSNIFHVPVRSGSSVVLIVNNLGGLSFLELGIIADAAIRLLEGRGVKVARALVGTFMSALEMPGVSLTLMLVDEPVLKLIDAETTAKAWPHMAKVSVTGRKRIRAAPTEPPEAPEATAAGGVTSKQMALVLDRICTTLIGLEEHLNALDRAAGDGDCGSTHSRAAKAIQGWLKEGPSLTSPAQVLSRLSVLLLERMGGSSGALYGLFLTAAAQPLKAKTDLPTWSAAMDAGLESMQKYGKAAPGDRTMLDSLWAAAQEFQAWKSPGASLLPVLTKAVKSAEAAAEATKNMEAGAGRASYISSAQLDQPDPGAVAAAAIFRAILEVLQTQGA
78,Q9R0H0,MNPDLRKERAAATFNPELITHILDGSPENTRRRREIENLILNDPDFQHEDYNFLTRSQRYEVAVKKSATMVKKMREFGIADPEEIMWFKKLHMVNFVEPVGLNYSMFIPTLLNQGTTAQQEKWMHPSQELQIIGTYAQTEMGHGTHLRGLETTATYDPKTQEFILNSPTVTSIKWWPGGLGKTSNHAIVLAQLITRGECYGLHAFVVPIREIGTHKPLPGITVGDIGPKFGYEEMDNGYLKMDNYRIPRENMLMKYAQVKPDGTYVKPLSNKLTYGTMVFVRSFLVGSAAQSLSKACTIAIRYSAVRRQSEIKRSEPEPQILDFQTQQYKLFPLLATAYAFHFLGRYIKETYMRINESIGQGDLSELPELHALTAGLKAFTTWTANAGIEECRMACGGHGYSHSSGIPNIYVTFTPACTFEGENTVMMLQTARFLMKIYDQVQSGKLVGGMVSYLNDLPSQRIQPQQVAVWPTLVDINSLDSLTEAYKLRAARLVEIAAKNLQAQVSHRKSKEVAWNLTSVDLVRASEAHCHYVTVKVFADKLPKIQDRAVQAVLRNLCLLYSLYGISQKGGDFLEGNIITGAQMSQVNSRILELLTVTRPNAVALVDAFDFKDVTLGSVLGRYDGNVYENLFEWAKKSPLNKTEVHESYYKHLKPLQSKL
79,P51658,MSPFASESAWLCLAAAAVLGGTLLCGCRSGRQLRSQAVCLAGLWGGACLLSLSLLCTLFLLSVACFLLLYMSSSDQDLLPVDQKAVLVTGADSGFGHGLAKHLDKLGFTVFAGVLDKEGPGAEELRKHCSERLSVLQMDVTKPEQIKDAHSKVTEKIQDKGLWAVVNNAGVFHLPIDGELIPMSIYRKCMAVNFFGTVEVTKAFLPLLRKSKGRLVNVSSMGGTVPLQMTSAYAATKAALTMFSTIIRQELDKWGVKVVTIKPGGFKTNITGSQDIWDKMEKEILDHFSKDIQENYGQDYVHTQKLIIPTLKERSNPDITPVLRDIQHAISARNPSSFYYPGRMAYLWVCLAAYCPTSLLDYVIKKGFYPQPTPRALRTVH
80,P16332,MLRAKNQLFLLSPHYLKQLNIPSASRWKRLLHQQQPLHPEWAVLAKKQLKGKNPEDLIWHTPEGISIKPLYSRADTLDLPEELPGVKPFTRGPYPTMYTYRPWTIRQYAGFSTVEESNKFYKDNIKAGQQGLSVAFDLATHRGYDSDNPRVRGDVGMAGVAIDTVEDTKILFDGIPLEKMSVSMTMNGAVIPVLATFIVTGEEQGVPKEKLTGTIQNDILKEFMVRNTYIFPPEPSMKIIADIFQYTAQHMPKFNSISISGYHMQEAGADAILELAYTIADGLEYCRTGLQAGLTIDEFAPRLSFFWGIGMNFYMEIAKMRAGRRLWAHLIEKMFQPKNSKSLLLRAHCQTSGWSLTEQDPYNNIVRTAIEAMAAVFGGTQSLHTNSFDEALGLPTVKSARIARNTQIIIQEESGIPKVADPWGGSYMMESLTNDVYEAALKLIYEVEEMGGMAKAVAEGIPKLRIEECAARRQARIDSGSEVIVGVNKYQLEKEDSVEVLAIDNTSVRKKQIEKLKKIKSSRDQALAEQCLSALTQCAASGDGNILALAVDAARARCTVGEITDALKKVFGEHKANDRMVSGAYRQEFGESKEITSAIKRVNKFMEREGRRPRLLVAKMGQDGHDRGAKVIATGFADLGFDVDIGPLFQTPREVAQQAVDADVHAVGVSTLAAGHKTLVPELIKELTALGRPDILVMCGGVIPPQDYEFLYEVGVSNVFGPGTRIPRAAVQVLDDIEKCLAEKQQSV
81,Q8VDN2,MGKGVGRDKYEPAAVSEHGDKKGKKAKKERDMDELKKEVSMDDHKLSLDELHRKYGTDLSRGLTPARAAEILARDGPNALTPPPTTPEWVKFCRQLFGGFSMLLWIGAILCFLAYGIRSATEEEPPNDDLYLGVVLSAVVIITGCFSYYQEAKSSKIMESFKNMVPQQALVIRNGEKMSINAEDVVVGDLVEVKGGDRIPADLRIISANGCKVDNSSLTGESEPQTRSPDFTNENPLETRNIAFFSTNCVEGTARGIVVYTGDRTVMGRIATLASGLEGGQTPIAEEIEHFIHLITGVAVFLGVSFFILSLILEYTWLEAVIFLIGIIVANVPEGLLATVTVCLTLTAKRMARKNCLVKNLEAVETLGSTSTICSDKTGTLTQNRMTVAHMWFDNQIHEADTTENQSGVSFDKTSATWFALSRIAGLCNRAVFQANQENLPILKRAVAGDASESALLKCIEVCCGSVMEMREKYSKIVEIPFNSTNKYQLSIHKNPNASEPKHLLVMKGAPERILDRCSSILLHGKEQPLDEELKDAFQNAYLELGGLGERVLGFCHLLLPDEQFPEGFQFDTDDVNFPVDNLCFVGLISMIDPPRAAVPDAVGKCRSAGIKVIMVTGDHPITAKAIAKGVGIISEGNETVEDIAARLNIPVNQVNPRDAKACVVHGSDLKDMTSEELDDILRYHTEIVFARTSPQQKLIIVEGCQRQGAIVAVTGDGVNDSPALKKADIGVAMGIVGSDVSKQAADMILLDDNFASIVTGVEEGRLIFDNLKKSIAYTLTSNIPEITPFLIFIIANIPLPLGTVTILCIDLGTDMVPAISLAYEQAESDIMKRQPRNPKTDKLVNERLISMAYGQIGMIQALGGFFTYFVILAENGFLPFHLLGIRETWDDRWVNDVEDSYGQQWTYEQRKIVEFTCHTAFFVSIVVVQWADLVICKTRRNSVFQQGMKNKILIFGLFEETALAAFLSYCPGMGAALRMYPLKPTWWFCAFPYSLLIFVYDEVRKLIIRRRPGGWVEKETYY
82,Q8BJ64,MWQVLRGWRKGWQSPRGALAWAVQGQPCPPCSRAVASVGKDEYTFVVVGAGSAGCVLASRLTEDPNHRVLLLEAGPKDLLMGSKRLQWKIHMPAALVSNLCDDKYNWYYHTEPQPGMDSRVLYWPRGRVWGGSSSLNAMVYIRGHAEDYNRWHREGAEGWDYAHCLPYFRKAQRHELGANMYRGGDGPLHVSRGKTNHPLHQAFLQAARQAGYPFTEDMNGFQQEGFGWMDMTVHQGKRWSTACAYLHPVLSRPNLRAEVQTLVSRVLFEGTRAVGVEYIKDGQRHKAYVSREVILSGGAINSPQLLMLSGVGNADDLRKLDIPVVCHLPGVGQNLQDHLEVYVQQACTQPITLHSAQKPLRKVCIGLEWLWSYTGDGATAHLETGGFIRSRPGVPHPDIQFHFLPSQVIDHGRKPTQQEAYQVHVGTMRATSVGWLKLRSANPRDHPVIHPNYLSTETDVEDFRQCVRLSREIFAQEALAPFRGKELQPGSHVQSDKEIDAFVRAKADSAYHPSCTCKMGRSSDPTAVVDAQTKVIGVENLRVVDASIMPSVVSGNLNAPTVMIAEKAADIIKGHPALEDKNVPVYKPQTLDTQR
83,P42125,MALAAARRLLLHAGSRLGRREAVDGARRFANKRVLVETEGPAGVAVMKLRNPPVNSLSLECLTEFTISLEKLENDKSIRGVILTSECPGIFSAGLDLLEMYGRNPAHYAEYWKNVQELWLRLYTSNMILVSAINGASPAGGCLLALCCDYRVMADNPKYTIGLNESLLGIVAPFWFKDMYVNTIGHREAERALQLGTLFSPAEALKVGVVDEVVPEDQVHSKARSVMTKWLAIPDHSRQLTKNMMRKATADNLIKQREADIQNFTSFISKDSIQKSLHMYLEKLKQKKG
84,Q99MR8,MAAAALLAAVDRNQLRRVPILLLQPREWAWKLRTMKYGTTPGGSITKVLIANRGEIACRVIRTAKKMGVQSVAVYSEADRNSMHVDMADEAYSIGPAPSQQSYLAMEKIIQVAKSSAAQAIHPGYGFLSENMEFAELCKQEGIIFIGPPSSAIRDMGIKSTSKSIMAAAGVPVVEGYHGKDQSDQCLREHAGKIGYPVMIKAVRGGGGKGMRIVRSEREFQEQLESARREAKKSFNDDAMLIEKFVDTPRHVEVQVFGDHHGNAVYLFERDCSVQRRHQKIIEEAPAPGINPEVRRKLGEAAVRAAKAVKYVGAGTVEFIMDSRHNFYFMEMNTRLQVEHPVTEMITGTDLVEWQLRIAAGEKIPLSQEEIPLQGHAFEARIYAEDPDNNFMPGAGPLVHLSTPSADMSTRIETGVRQGDEVSVHYDPMIAKLVVWASDRQSALSKLRYCLHQYNIVGLRSNVDFLLRLSGHPEFEAGNVHTDFIPQHHKDLLPSHSTIAKESVCQAALGLILKEKEMTSAFKLHTQDQFSPFSFSSGRRLNISYTRNMTLRSGKSDIVIAVTYNRDGSYDMQIDNKSFRVLGDLSSEDGCTYLKSSINGVARKSKFILLDNTVHLFSMEGSIEVGIPVPKYLSPVSAEGAQGGTIAPMTGTIEKVFVKAGDRVKAGDSLMVMIAMKMEHTIKAPKDGRIKKVFFSEGAQANRHAPLVEFEEEESDK
85,P29758,MLSKLASLQTIAALRRGVHTSVASATSVATKKTEQGPPSSEYIFERESKYGAHNYHPLPVALERGKGIYMWDVEGRQYFDFLSAYGAVSQGHCHPKIIDAMKSQVDKLTLTSRAFYNNVLGEYEEYITKLFNYNKVLPMNTGVEAGETACKLARRWGYTVKGIQKYKAKIVFADGNFWGRTLSAISSSTDPTSYDGFGPFMPGFETIPYNDLPALERALQDPNVAAFMVEPIQGEAGVIVPDPGYLTGVRELCTRHQVLFIADEIQTGLARTGRWLAVDHENVRPDMVLLGKALSGGLYPVSAVLCDDEIMLTIKPGEHGSTYGGNPLGCRIAIAALEVLEEENLAENADKMGAILRKELMKLPSDVVTSVRGKGLLNAIVIRETKDCDAWKVCLRLRDNGLLAKPTHGDIIRLAPPLVIKEDEIRESVEIINKTILSF
86,Q5FW57,MLHLRSSQMLQMLESSLRKYLPESLKVYGTVFHMNQGNPFKLKALVDKWPDFNTVVVRPREQEMGDDLDQHTNTYQIYSKDPKHCLEFLGTPDVINWKQHLQIQSSQSNLNEAIMDLAAGKMVKVKRTQCILYMMPETAKKLVPSLLEDKEYLDHQSGRPRAIDQEMFKLSTLDVTHAPLVDKFWQFGGNERSQRFIGRCIQIFPSSCLLGPEGTPVSWALMDQTGEIRMAGTVPDYRAQGLISHIIYAQTLAMDKRGYPVYNHTEQTNKVIQKMSHTLHHVPMPCDWNQWYCAPL
87,P62821,MSSMNPEYDYLFKLLLIGDSGVGKSCLLLRFADDTYTESYISTIGVDFKIRTIELDGKTIKLQIWDTAGQERFRTITSSYYRGAHGIIVVYDVTDQESFNNVKQWLQEIDRYASENVNKLLVGNKCDLTTKKVVDYTTAKEFADSLGIPFLETSAKNATNVEQSFMTMAAEIKKRMGPGATAGGAEKSNVKIQSTPVKQSGGGCC
88,P52825,MMPRLLLRDWPRCPSLVLGAPSRPLSAVSGPAEYLQHSIVPTMHYQDSLPRLPIPKLEDTMKRYLSAQKPLLNDSQFRKTEVLCKDFENGIGKELHAHLLAQDKQNKHTSYISGPWFDMYLTARDSVVLNFNPFMAFNPDPKSEYNDQLTRATNLTVSAVRFLKTLRAGLLEPEVFHLNPARSDTDAFKRLIRFVPSSLSWYGAYLVNAYPLDMSQYFRLFNSTRIPKPSRDELFTDTKARHLLVLRKGHFYVFDVLDQDGNIVNPSEIQAHLKYILSDSSPVPEFPLAYLTSENRDVWAELRQKLIHGGNEETLRKVDSAVFCLCLDDFPMKDLVHLSHTMLHGDGTNRWFDKSFNLIVAKDGTAAVHFEHAWGDGVAVLRFFNEVFRDSTQTPAIAPQSQPAATDSSVSVQKLSFKLSSALKAGVTAAKEKFDATMKTLTIDAIQFQRGGKEFLKKKKLSPDAVAQLAFQMAFLRQYGQTVATYESCSTAAFKHGRTETIRPASIFTKRCSEAFVREPSKHSVGELQHMMAECSKYHGQLTKEAAMGQGFDRHLFALRYLAAARGVTLPELYQDPAYQRINHNILSTSTLSSPAVSLGGFAPVVPDGFGIAYAVHDDWIGCNVSSYSGRNAREFLHCVQKCLEDMFDALEGKAIKT
89,Q9JKR6,MAATVRRQRPRRLLCWALVAVLLADLLALSDTLAVMSVDLGSESMKVAIVKPGVPMEIVLNKESRRKTPVTVTLKENERFLGDSAAGMAIKNPKATLRYFQHLLGKQADNPHVALYRSRFPEHELIVDPQRQTVRFQISPQLQFSPEEVLGMVLNYSRSLAEDFAEQPIKDAVITVPAFFNQAERRAVLQAARMAGLKVLQLINDNTATALSYGVFRRKDINSTAQNVMFYDMGSGSTVCTIVTYQTVKTKEAGMQPQLQIRGVGFDRTLGGLEMELRLREHLAKLFNEQRKGQKAKDVRENPRAMAKLLREANRLKTVLSANADHMAQIEGLMDDVDFKAKVTRVEFEELCADLFDRVPGPVQQALQSAEMSLDQIEQVILVGGATRVPKVQEVLLKAVGKEELGKNINADEAAAMGAVYQAAALSKAFKVKPFVVRDAVIYPILVEFTREVEEEPGLRSLKHNKRVLFSRMGPYPQRKVITFNRYSHDFNFHINYGDLGFLGPEDLRVFGSQNLTTVKLKGVGESFKKYPDYESKGIKAHFNLDESGVLSLDRVESVFETLVEDSPEEESTLTKLGNTISSLFGGGTSSDAKENGTDAVQEEEESPAEGSKDEPAEQGELKEEAEPPAEETSQPPPSEPKGDAAREGEKPDEKESGDKPEAQKPNEKGQAGPEGAAPAPEEDKKPKPARKQKMVEEIGVELAVLDLPDLPEDELARSVQKLEELTLRDLEKQEREKAANSLEAFIFETQDKLYQPEYQEVSTEEQREEISGKLSATSTWLEDEGFGATTVMLKDKLAELRKLCQGLFFRVEERRKWPERLSALDNLLNHSSIFLKGARLIPEMDQVFTEVEMTTLEKVINDTWAWKNATLAEQAKLPATEKPVLLSKDIEAKMMALDREVQYLLNKAKFTKPRPRPKDKNGTRAEPPLNASAGDQEEKVIPPAGQTEEAKPILEPDKEETGTEPADSEPLELGGPGAGPEQEEQSAGQKRPSKNDEL
90,Q99KR3,MAAALQRIEQLSSRVVRVLGCNPGPMTLQGTNTYLVGTGSRRILIDTGEPSVPEYISCLKQALVEFDTAIQEILVTHWHSDHSGGIVDICKNINNDTTYCIKKLRRNPQREEIIGNGEQQFIYIENGDVVKTEGATLRVLYTPGHTDDHMALLLEEENAIFSGDCILGEGTTIFEDLYDYMNSLNNLLKIKANIIYPGHGPVIHNAEAKILEYISHRNNREEQIISLFRDNFEKSFTVTELRTMIYKDVPENLHKMAEHNLLLHLRKLEKDGKIFYTTTPVKKWKAVL
91,Q61733,MLHRIPAFLRPRPFSGLPLSCGNRDVSVAVLPAAQSGAVRTENNIQRHFCTSRSICSKKVDQSVPANEISQKAAESQGRGKETLKKDLLDIIKDMKVDLSTANVKTPKPRGRKPSASLEATVDRLQKAPEDPPKKRNEFLSPELVAAASAVADSLPFDKQTTKSELLRQLQQHEEELRAQKDREKRRISFTHIISNMKIAKSPSGRASTRPQHQIQFDEDMDSSLKQEKPTDFRKRKYLFKGKRLSIFADKAFADEPPEPEASPSLWEIEFAKQLASVADQPFENGFEEMIQWTKEGKLWEFPVNNEAGLDDDGSEFHEHIFLDKYLEDFPKQGPIRLFMELVTCGLSKNPYLSVKQKVEHIEWFRNYFNEKRDILKENNIAFT
92,Q61335,MSLQWTTVATFLYAEVFAVLLLCIPFISPKRWQKVFKSRLVELVVTYGNTFFVVLIVILVLLVIDAVREILKYDDVTEKVNLQNNPGAMEHFHMKLFRAQRNLYIAGFSLLLSFLLRRLVTLISQQATLLASNEAFKKQAESASEAAKKYMEENDQLKKGAAEDGDKLDIGNTEMKLEENKSLKNDLRKLKDELASTKKKLEKAENEALAMQKQSEGLTKEYDRLLEEHAKLQASVRGPSVKKEE
93,Q7TNG8,MAMLLRVATQRLSPWRSFCSRGSQGGLSQDFVEALKAVVGSPHVSTASAVREQHGHDESMHRCQPPDAVVWPQNVDQVSRVASLCYNQGVPIIPFGTGTGVEGGVCAVQGGVCINLTHMDQITELNTEDFSVVVEPGVTRKALNTHLRDSGLWFPVDPGADASLCGMAATGASGTNAVRYGTMRDNVINLEVVLPDGRLLHTAGRGRHYRKSAAGYNLTGLFVGSEGTLGIITSTTLRLHPAPEATVAATCAFPSVQAAVDSTVQILQAAVPVARIEFLDDVMMDACNRHSKLNCPVAPTLFLEFHGSQQTLAEQLQRTEAITQDNGGSHFSWAKEAEKRNELWAARHNAWYAALALSPGSKAYSTDVCVPISRLPEILVETKEEIKASKLTGAIVGHVGDGNFHCILLVDPDDAEEQRRVKAFAENLGRRALALGGTCTGEHGIGLGKRQLLQEEVGPVGVETMRQLKNTLDPRGLMNPGKVL
94,Q9DCM2,MGPAPRILELFYDVLSPYSWLGFEVLCRYQHLWNIKLQLRPTLIAGIMKDSGNQPPAMVPRKGQYIFKEIPLLKQFFQVPLNIPKDFFGETVKKGSINAMRFLTTVSMEQPEMLEKVSREIWMRVWSRDEDITEYQSILAAAVKAGMSTAQAQHFLEKISTQQVKNKLIENTDAACKYGAFGLPTTVAHVDGKTYMLFGSDRLELLAYLLGEKWMGPVPPTANARL
95,Q8CFA2,MHRIVSVVAPLGFRLQAQPLVQSRPLSSVQDVLRRTPLYDFHLAHGGKMVAFAGWSLPVQYRDSHVDSHLHTRRHCSLFDVSHMLQTKIFGCDRVKLLESVVVGDIAELRPNQGTLSLFTNEAGGILDDLIVSNTSEGHLYVVSNAGCRDKDLALMQDKVKEFQNRGLDVGLEVVENALLALQGPTATQVLQAGVTDDMKKLPFMTSAVMEVFGVSGCRVTRCGYTGEDGVEISVPATGAVHLATTLLKNPEVKLAGLAARDSLRLEAGLCLYGNDIDEHTTPVEGSLSWTLGKRRRIAMDFPGAKIIVPQLKGEVQRRRVGLICEGAPVRAHSPILNTEGTVIGTVTSGCPSPSLKKNVAMGYVPFKYSRPGTQLLVEVRRKQQMTVVSKMPFVPTNYYTLK
96,Q64433,MAGQAFRKFLPLFDRVLVERSAAETVTKGGIMLPEKSQGKVLQATVVAVGSGGKGKSGEIEPVSVKVGDKVLLPEYGGTKVVLDDKDYFLFRDSDILGKYVD
97,P45952,MAAAFRRGCRVLRSVSHFECRTQHSKAAHKQEPGLGFSFELTEQQKEFQATARKFAREEIIPVAPEYDKSGEYPFPLIKRAWELGLINAHIPESCGGLGLGTFDACLITEELAYGCTGVQTAIEANSLGQMPVILAGNDQQKKKYLGRMTEQPMMCAYCVTEPSAGSDVAAIKTKAEKKGDEYVINGQKMWITNGGKANWYFLLARSNPDPKVPASKAFTGFIVEADTPGIHIGKKELNMGQRCSDTRGIAFEDVRVPKENVLIGEGAGFKIAMGAFDRTRPTVAAGAVGLAQRALDEATKYALDRKTFGKLLVEHQGVSFLLAEMAMKVELARLSYQRAAWEVDSGRRNTYYASIAKAFAGDIANQLATDAVQIFGGYGFNTEYPVEKLMRDAKIYQIYEGTAQIQRLIIAREHIEKYKN
98,P08249,MLSALARPAGAALRRSFSTSAQNNAKVAVLGASGGIGQPLSLLLKNSPLVSRLTLYDIAHTPGVAADLSHIETRANVKGYLGPEQLPDCLKGCDVVVIPAGVPRKPGMTRDDLFNTNATIVATLTAACAQHCPEAMVCIIANPVNSTIPITAEVFKKHGVYNPNKIFGVTTLDIVRANTFVAELKGLDPARVNVPVIGGHAGKTIIPLISQCTPKVDFPQDQLATLTGRIQEAGTEVVKAKAGAGSATLSMAYAGARFVFSLVDAMNGKEGVVECSFVQSKETECTYFSTPLLLGKKGLEKNLGIGKITPFEEKMIAEAIPELKASIKKGEDFVKNMK
99,O35459,MATAMTVSSKLRGLLMQQLRGTSQLYFNISLRSLSSSAQEASKRAPEEVSDHNYESIQVTSAQKHVLHVQLNRPEKRNAMNRAFWRELVECFQKISKDSDCRAVVVSGAGKMFTSGIDLMDMASELMQPSGDDAARIAWYLRDLISKYQKTFTVIEKCPKPVIAAIHGGCIGGGVDLVSACDIRYCTQDAFFQIKEVDMGLAADVGTLQRLPKVIGNQSLVNELTFSARKMMADEALDSGLVSRVFQDKDAMLNAAFALAADISSKSPVAVQGSKINLIYSRDHSVDESLDYMATWNMSMLQTQDIIKSVQAAMEKRDTKSITFSKL
100,P97450,MVLQRIFRLSSVLRSAVSVHLKRNIGVTAVAFNKELDPVQKLFVDKIREYKSKRQASGGPVDIGPEYQQDLDRELYKLKQMYGKGEMDTFPTFKFDDPKFEVIDKPQS
101,Q9CYR0,MFRRPVLQVFRQFVRHESEVASSLVLERSLNRVQLLGRVGQDPVMRQVEGKNPVTIFSLATNEMWRSGDSEVYQMGDVSQKTTWHRISVFRPGLRDVAYQYVKKGARIFVEGKVDYGEYMDKNNVRRQATTIIAGKKLVVHSVSGCSLEGLA
102,Q64310,MGQNDLMGTAEDFADQFLRVTKQYLPHVARLCLISTFLEDGIRMWFQWSEQRDYIDTTWSCGYLLASSFVFLNLLGQLTGCVLVLSRNFVQYACFGLFGIIALQTIAYSILWDLKFLMRNLALGGGLLLLLAESRSEGKSMFAGVPTMRESSPKQYMQLGGRVLLVLMFMTLLHFDASFFSIIQNIVGTALMILVAIGFKTKLAALTLVVWLFAINVYFNAFWTIPVYKPMHDFLKYDFFQTMSVIGGLLLVVALGPGGVSMDEKKKEW
103,Q8K1Z0,MAATAAVSGVLGRLGWRLLQLRCLPVARCRPALVPRAFHTAVGFRSSEEQKQQPPHSSSQQHSETQGPEFSRPPPRYTDQSGEEEEDYESEEQLQHRILTAALEFVPAHGWTAEAIAEGAQSLGLSSAAASMFGSDGSELILHFVTQCNARLNQVLEEEQKLVQLGQAEKRKTDQFLRDAVETRLRMLIPYIEHWPRALSILLLPHNIPPSLNLLTSMVDDMWHYAGDQSTDFNWYTRRAVLAGIYNTTELVMMQDSSPDFEDTWRFLENRINDAMNMGHTAKQVKSTGEALVQGLMGAAVTLKNLTGLNQRR
104,Q9CPU0,MAEPQPASSGLTDETAFSCCSDPDPSTKDFLLQQTMLRIKDPKKSLDFYTRVLGLTLLQKLDFPAMKFSLYFLAYEDKNDIPKDKSEKTAWTFSRKATLELTHNWGTEDDETQSYHNGNSDPRGFGHIGIAVPDVYSACKRFEELGVKFVKKPDDGKMKGLAFIQDPDGYWIEILNPNKIATII
105,Q80XL6,METDVTSDTVEVLPQHKFDLRSLEAYLNQHLPGFGSDSRAVLTVTQYRSGQSNPTFFLQKGSQAYVLRKKPPGSLLPKAHKIDREFKIQKALFSIGFPVAKPLLYCRDASVIGTEFYVMEHVQGRIFRDFSIPGVSSAERAAIYVSVAETLAWLHSLDIRSLKLDKYGTGVGYCKRQVSTWTKQYQASAHQSIPAMDQLSTWLMKNLPDSDSEECLVHGDFKLDNIVFHPKECRVIAVLDWELSTFGHPLTDLAHLSLFYYWPRTLPMINRGSHIPENTGIPLMEELISIYCHRRGIDPNLPNWNFFMALSFFKLAGISQGVYRRYLMGNNSSEDSFLTANTVQPLAETGLQLSKRTLRTTPPQADAKSQLFAQSRRGQEVLTRVKQFMKQHVFPAEKEVAEYYAQSGNSAEKWGHPLVIEKLKEMAKAEGLWNLFLPAVSGLSQVDYALIAEETGKCFFAPDVFNCQAPDTGNMEVLHLYGSEQQKKQWLEPLLRGDITSVFCMTEPNVSSSDATNIECTIQRDGGGYIVNGKKWWSSGAGNPKCKIAIVLGRTESPSASRHRQHSMILVPMDTPGVELIRPLSVFGYMDNMHGGHWEVHFNHVRVPASNLILGEGRGFEISQGRLGPGRIHHCMRTVGLAERILQIMCDRAVQREAFKKKLYEHEVVAHWIAKSRIAIEEIRLLTLKAAHSIDTLGSASARKEIAMIKVAAPKAVCKIADWAIQVHGGAGVSQDYPLANMYAIIRTLRLADGPDEVHLSAIAKMELQDQARRLTARM
106,P97807,MYRALRLLARSRRLLRVPSAGAAVSGEATTLPRCAPNVARMASQNSFRVEFDTFGELKVPTDKYYGAQTVRSTMNFKIGGATERMPIPVIQAFGILKRAAAEVNQEYGLDPKIASAIMKAADEVAEGKLNDHFPLVVWQTGSGTQTNMNVNEVISNRAIEMLGGELGSKKPVHPNDHVNKSQSSNDTFPTAMHIAAAVEVHKVLLPGLQKLHDALSAKSKEFAQVIKIGRTHTQDAVPLTLGQEFSGYVQQVQYAMVRIKAAMPRIYELAAGGTAVGTGLNTRIGFAEKVAAKVAALTGLPFVTAPNKFEALAAHDALVELSGAMNTAACSLMKIANDIRFLGSGPRSGLGELILPENEPGSSIMPGKVNPTQCEAMTMVAAQVMGNHVAVTVGGSNGHFELNVFKPMMIKNVLHSARLLGDASVSFTDNCVVGIQANTERINKLMNESLMLVTALNPHIGYDKAAKIAKTAHKNGSTLKETAIELGYLTAEQFDEWVKPKDMLGPK
107,P11725,MLSNLRILLNNAALRKGHTSVVRHFWCGKPVQSQVQLKGRDLLTLKNFTGEEIQYMLWLSADLKFRIKQKGEYLPLLQGKSLGMIFEKRSTRTRLSTETGFALLGGHPSFLTTQDIHLGVNESLTDTARVLSSMTDAVLARVYKQSDLDTLAKEASIPIVNGLSDLYHPIQILADYLTLQEHYGSLKGLTLSWIGDGNNILHSIMMSAAKFGMHLQAATPKGYEPDPNIVKLAEQYAKENGTKLSMTNDPLEAARGGNVLITDTWISMGQEDEKKKRLQAFQGYQVTMKTAKVAASDWTFLHCLPRKPEEVDDEVFYSPRSLVFPEAENRKWTIMAVMVSLLTDYSPVLQKPKF
108,Q8R164,MATATVRPAAQRLRLLLSPLKSRICVPQAEPVATFGTAVTSAKVAVNGVHLHYQRVGEGEHAILLLPGMLGSGKTDFAPQLQSLNKKRFTLVAWDPRGYGYSRPPDRDFPRDFFERDAKDAVDLMKALQFKQVSLLGWSDGGITALIAAAKYPSYIRKMVIWGANAYVTEEDSRIYQGIRDVSKWSEKARKPLEALYGYDYLAKTCEDWVDGISQFKQLPEGNICRHLLPLVQCPTLIVHGEKDPLVPRFHADFLLQHVKGSRLHLMPEGKHNLHLRFADEFNRLVEDFLQ
109,Q9QXF8,MVDSVYRTRSLGVAAEGLPDQYADGEAARVWQLYIGDTRSRTAEYKAWLLGLLRQHGCHRVLDVACGTGVDSIMLVEEGFSVMSVDASDKMLKYALKERWNRRKEPSFDNWVIEEANWLTLDKDVLSGDGFDAVICLGNSFAHLPDCKGDQSEHRLALKNIASMVRPGGLLVIDHRNYDYILSTGCAPPGKNIYYKSDLTKDITTSVLTVNNKAHMVTLDYTVQVPGTGRDGSPGFSKFRLSYYPHCLASFTELVRAAFGGRCQHSVLGDFKPYKPGQAYVPCYFIHVLKKTD
110,Q8K3J1,MYRLSSSMLPRALAQAMRTGHLNGQSLHSSAVAATYKYVNKKEQESEVDMKSATDNAARILMWTELIRGLGMTLSYLFREPATINYPFEKGPLSPRFRGEHALRRYPSGEERCIACKLCEAICPAQAITIEAEPRADGSRRTTRYDIDMTKCIYCGFCQEACPVDAIVEGPNFEFSTETHEELLYNKEKLLNNGDKWEAEIAANIQADYLYR
111,Q8BMS1,MVASRAIGSLSRFSAFRILRSRGCICRSFTTSSALLTRTHINYGVKGDVAVIRINSPNSKVNTLNKEVQSEFIEVMNEIWANDQIRSAVLISSKPGCFVAGADINMLSSCTTPQEATRISQEGQRMFEKLEKSPKPVVAAISGSCLGGGLELAIACQYRIATKDRKTVLGVPEVLLGILPGAGGTQRLPKMVGVPAAFDMMLTGRNIRADRAKKMGLVDQLVEPLGPGIKSPEERTIEYLEEVAVNFAKGLADRKVSAKQSKGLVEKLTTYAMTVPFVRQQVYKTVEEKVKKQTKGLYPAPLKIIDAVKAGLEQGSDAGYLAESQKFGELALTKESKALMGLYNGQVLCKKNKFGAPQKNVQQLAILGAGLMGAGIAQVSVDKGLKTLLKDTTVTGLGRGQQQVFKGLNDKVKKKALTSFERDSIFSNLIGQLDYKGFEKADMVIEAVFEDLGVKHKVLKEVESVTPEHCIFASNTSALPINQIAAVSKRPEKVIGMHYFSPVDKMQLLEIITTDKTSKDTTASAVAVGLRQGKVIIVVKDGPGFYTTRCLAPMMSEVMRILQEGVDPKKLDALTTGFGFPVGAATLADEVGVDVAQHVAEDLGKAFGERFGGGSVELLKQMVSKGFLGRKSGKGFYIYQEGSKNKSLNSEMDNILANLRLPAKPEVSSDEDVQYRVITRFVNEAVLCLQEGILATPAEGDIGAVFGLGFPPCLGGPFRFVDLYGAQKVVDRLRKYESAYGTQFTPCQLLLDHANNSSKKFYQ
112,Q01853,MASGADSKGDDLSTAILKQKNRPNRLIVDEAINEDNSVVSLSQPKMDELQLFRGDTVLLKGKKRREAVCIVLSDDTCSDEKIRMNRVVRNNLRVRLGDVISIQPCPDVKYGKRIHVLPIDDTVEGITGNLFEVYLKPYFLEAYRPIRKGDIFLVRGGMRAVEFKVVETDPSPYCIVAPDTVIHCEGEPIKREDEEESLNEVGYDDIGGCRKQLAQIKEMVELPLRHPALFKAIGVKPPRGILLYGPPGTGKTLIARAVANETGAFFFLINGPEIMSKLAGESESNLRKAFEEAEKNAPAIIFIDELDAIAPKREKTHGEVERRIVSQLLTLMDGLKQRAHVIVMAATNRPNSIDPALRRFGRFDREVDIGIPDATGRLEILQIHTKNMKLADDVDLEQVANETHGHVGADLAALCSEAALQAIRKKMDLIDLEDETIDAEVMNSLAVTMDDFRWALSQSNPSALRETVVEVPQVTWEDIGGLEDVKRELQELVQYPVEHPDKFLKFGMTPSKGVLFYGPPGCGKTLLAKAIANECQANFISIKGPELLTMWFGESEANVREIFDKARQAAPCVLFFDELDSIAKARGGNIGDGGGAADRVINQILTEMDGMSTKKNVFIIGATNRPDIIDPAILRPGRLDQLIYIPLPDEKSRVAILKANLRKSPVAKDVDLEFLAKMTNGFSGADLTEICQRACKLAIRESIESEIRRERERQTNPSAMEVEEDDPVPEIRRDHFEEAMRFARRSVSDNDIRKYEMFAQTLQQSRGFGSFRFPSGNQGGAGPSQGSGGGTGGSVYTEDNDDDLYG
